{"stats":{"minecraft:killed":{"minecraft:sheep":1,"minecraft:skeleton":2,"minecraft:zombie":3,"minecraft:salmon":1},"minecraft:used":{"minecraft:jungle_sapling":2,"minecraft:diorite":3,"minecraft:stone_sword":29,"minecraft:stripped_jungle_log":1,"minecraft:melon_slice":14,"minecraft:stone_pickaxe":108,"minecraft:wooden_pickaxe":8,"minecraft:cooked_salmon":2,"minecraft:stone_axe":57,"minecraft:dirt":4,"minecraft:crafting_table":1,"minecraft:tnt":1,"minecraft:oak_sapling":14,"minecraft:jungle_planks":4},"minecraft:mined":{"minecraft:furnace":1,"minecraft:iron_ore":7,"minecraft:grass_block":3,"minecraft:tnt":1,"treechop:chopped_log":8,"graveyard:skull_pile":1,"minecraft:crafting_table":3,"minecraft:grass":1,"graveyard:creeper_skeleton":1,"minecraft:coal_ore":41,"minecraft:melon":5,"minecraft:dirt_path":1,"minecraft:vine":3,"minecraft:jungle_log":1,"minecraft:dirt":11,"minecraft:stripped_jungle_log":1,"minecraft:stone":57,"minecraft:diorite":3,"minecraft:oak_leaves":3},"minecraft:dropped":{"minecraft:melon_slice":6,"minecraft:wooden_pickaxe":1,"minecraft:white_wool":1,"minecraft:salmon":1},"minecraft:custom":{"minecraft:time_since_rest":32650,"minecraft:interact_with_furnace":4,"minecraft:sprint_one_cm":52274,"minecraft:damage_taken":450,"minecraft:walk_one_cm":88603,"minecraft:mob_kills":7,"minecraft:drop":9,"minecraft:damage_dealt":1641,"minecraft:swim_one_cm":9087,"minecraft:interact_with_crafting_table":6,"minecraft:fly_one_cm":54445,"minecraft:open_barrel":12,"minecraft:open_chest":2,"minecraft:crouch_one_cm":4123,"minecraft:play_time":32650,"minecraft:sneak_time":2075,"minecraft:walk_under_water_one_cm":2390,"minecraft:jump":405,"minecraft:walk_on_water_one_cm":7570,"minecraft:time_since_death":32650,"minecraft:interact_with_smoker":1,"minecraft:climb_one_cm":716,"minecraft:total_world_time":32650,"minecraft:fall_one_cm":12061},"minecraft:picked_up":{"minecraft:raw_iron":7,"minecraft:cocoa_beans":9,"minecraft:stick":12,"minecraft:crafting_table":2,"minecraft:salmon":1,"minecraft:jungle_log":17,"minecraft:oak_log":31,"minecraft:diorite":3,"minecraft:dirt":14,"minecraft:arrow":1,"minecraft:stripped_jungle_log":1,"minecraft:apple":1,"minecraft:bone":9,"minecraft:jungle_sapling":2,"minecraft:oak_sapling":15,"minecraft:melon_slice":23,"minecraft:mutton":2,"minecraft:coal":57,"minecraft:white_wool":1,"minecraft:cobblestone":56,"minecraft:furnace":1},"minecraft:crafted":{"minecraft:crafting_table":1,"minecraft:stick":8,"minecraft:wooden_pickaxe":1,"minecraft:stone_pickaxe":1,"minecraft:stone_sword":1,"minecraft:cooked_salmon":2,"minecraft:stone_axe":1,"minecraft:air":0,"minecraft:jungle_planks":68}},"DataVersion":3465}