{"stats":{"minecraft:killed":{"minecraft:pig":14,"graveyard:ghoul":1,"minecraft:salmon":4,"minecraft:spider":4,"minecraft:sheep":4,"minecraft:skeleton":3,"minecraft:zombie":12,"minecraft:chicken":12,"minecraft:cow":3},"minecraft:used":{"minecraft:cooked_mutton":2,"minecraft:diorite":3,"minecraft:stone_sword":130,"minecraft:stone_pickaxe":131,"minecraft:shield":6,"minecraft:chest":2,"minecraft:wooden_pickaxe":8,"minecraft:iron_sword":35,"minecraft:cooked_salmon":2,"minecraft:torch":19,"minecraft:dirt":14,"minecraft:tnt":1,"minecraft:crafting_table":5,"minecraft:jungle_planks":51,"minecraft:smoker":2,"minecraft:jungle_sapling":2,"minecraft:stripped_jungle_log":1,"minecraft:melon_slice":17,"minecraft:iron_pickaxe":59,"minecraft:stone_axe":64,"minecraft:cobblestone":2,"minecraft:oak_sapling":14,"minecraft:cooked_porkchop":4,"minecraft:egg":3,"minecraft:cooked_beef":2,"minecraft:cobbled_deepslate":11},"minecraft:broken":{"minecraft:stone_pickaxe":1},"minecraft:mined":{"minecraft:tuff":6,"minecraft:deepslate_diamond_ore":7,"minecraft:crafting_table":5,"minecraft:grass_block":3,"minecraft:melon":5,"minecraft:jungle_log":1,"minecraft:deepslate_gold_ore":1,"minecraft:diorite":3,"minecraft:wall_torch":1,"minecraft:furnace":1,"minecraft:iron_ore":7,"treechop:chopped_log":8,"minecraft:tnt":1,"graveyard:skull_pile":1,"minecraft:grass":10,"graveyard:creeper_skeleton":1,"minecraft:coal_ore":41,"minecraft:deepslate_iron_ore":11,"minecraft:vine":3,"minecraft:dirt_path":1,"minecraft:gravel":1,"minecraft:dirt":11,"minecraft:stripped_jungle_log":1,"minecraft:stone":85,"minecraft:deepslate":29,"minecraft:oak_leaves":4},"minecraft:dropped":{"minecraft:cooked_beef":4,"minecraft:cooked_chicken":9,"minecraft:stone_sword":1,"minecraft:cooked_porkchop":11,"minecraft:cooked_mutton":4,"minecraft:salmon":1,"minecraft:melon_slice":6,"minecraft:wooden_pickaxe":1,"minecraft:white_wool":1},"minecraft:custom":{"minecraft:interact_with_furnace":15,"minecraft:mob_kills":60,"minecraft:interact_with_crafting_table":17,"minecraft:open_barrel":12,"minecraft:time_since_death":68650,"minecraft:climb_one_cm":716,"minecraft:time_since_rest":68650,"minecraft:sprint_one_cm":176203,"minecraft:damage_taken":983,"minecraft:walk_one_cm":206164,"minecraft:damage_blocked_by_shield":175,"minecraft:drop":16,"minecraft:damage_dealt":7368,"minecraft:swim_one_cm":10828,"minecraft:fly_one_cm":128869,"minecraft:open_chest":4,"minecraft:crouch_one_cm":15630,"minecraft:play_time":68650,"minecraft:sneak_time":6453,"minecraft:walk_under_water_one_cm":6791,"minecraft:jump":1078,"minecraft:walk_on_water_one_cm":11027,"minecraft:total_world_time":68650,"minecraft:interact_with_smoker":14,"minecraft:fall_one_cm":27517},"minecraft:picked_up":{"minecraft:cocoa_beans":9,"minecraft:crafting_table":4,"minecraft:feather":11,"minecraft:chicken":12,"minecraft:glow_ink_sac":5,"minecraft:jungle_log":17,"minecraft:salmon":3,"minecraft:leather":4,"minecraft:tuff":6,"minecraft:oak_log":54,"minecraft:string":4,"minecraft:dirt":14,"minecraft:bone":11,"minecraft:apple":1,"minecraft:wheat_seeds":1,"minecraft:cobbled_deepslate":37,"minecraft:raw_gold":1,"minecraft:iron_ingot":20,"minecraft:beef":6,"minecraft:jungle_sapling":2,"minecraft:melon_slice":23,"minecraft:egg":3,"minecraft:furnace":1,"minecraft:stick":12,"minecraft:raw_iron":18,"minecraft:torch":2,"minecraft:porkchop":25,"minecraft:diorite":3,"minecraft:spider_eye":2,"minecraft:tnt":1,"minecraft:stripped_jungle_log":1,"minecraft:rotten_flesh":8,"minecraft:arrow":2,"minecraft:diamond":7,"minecraft:oak_sapling":15,"minecraft:mutton":6,"minecraft:coal":57,"minecraft:white_wool":4,"minecraft:cobblestone":84},"minecraft:crafted":{"minecraft:cooked_beef":6,"minecraft:oak_planks":92,"minecraft:cooked_porkchop":25,"minecraft:crafting_table":2,"minecraft:wooden_pickaxe":1,"minecraft:cooked_chicken":12,"minecraft:iron_sword":1,"minecraft:furnace":1,"minecraft:cooked_salmon":2,"minecraft:stone_axe":1,"minecraft:cooked_mutton":6,"minecraft:air":0,"minecraft:jungle_planks":68,"minecraft:iron_boots":1,"minecraft:iron_chestplate":1,"minecraft:shield":1,"minecraft:stick":8,"minecraft:iron_ingot":7,"minecraft:iron_pickaxe":1,"minecraft:stone_pickaxe":1,"minecraft:iron_leggings":1,"minecraft:stone_sword":1,"minecraft:chest":2,"minecraft:torch":16,"minecraft:smoker":2}},"DataVersion":3465}