{"stats":{"minecraft:used":{"minecraft:stone_axe":10,"minecraft:tnt":1,"minecraft:crafting_table":1,"minecraft:wooden_pickaxe":8},"minecraft:mined":{"graveyard:creeper_skeleton":1,"minecraft:vine":3,"minecraft:dirt_path":1,"minecraft:jungle_log":1,"minecraft:stone":8,"treechop:chopped_log":1,"minecraft:tnt":1,"minecraft:oak_leaves":1,"graveyard:skull_pile":1},"minecraft:picked_up":{"minecraft:cocoa_beans":9,"minecraft:bone":8,"minecraft:jungle_log":5,"minecraft:cobblestone":8},"minecraft:custom":{"minecraft:open_barrel":12,"minecraft:time_since_rest":14650,"minecraft:open_chest":2,"minecraft:play_time":14650,"minecraft:crouch_one_cm":576,"minecraft:interact_with_furnace":1,"minecraft:sprint_one_cm":11018,"minecraft:damage_taken":40,"minecraft:walk_one_cm":35007,"minecraft:sneak_time":727,"minecraft:walk_under_water_one_cm":1646,"minecraft:jump":100,"minecraft:damage_dealt":386,"minecraft:time_since_death":14650,"minecraft:walk_on_water_one_cm":2956,"minecraft:total_world_time":14650,"minecraft:climb_one_cm":716,"minecraft:interact_with_smoker":1,"minecraft:interact_with_crafting_table":2,"minecraft:fall_one_cm":2215,"minecraft:fly_one_cm":10684},"minecraft:crafted":{"minecraft:stone_axe":1,"minecraft:crafting_table":1,"minecraft:stick":8,"minecraft:wooden_pickaxe":1,"minecraft:jungle_planks":20}},"DataVersion":3465}