{"stats":{"minecraft:custom":{"minecraft:mob_kills":123,"minecraft:interact_with_crafting_table":41,"minecraft:open_barrel":12,"minecraft:bell_ring":13,"minecraft:time_since_death":194190,"minecraft:climb_one_cm":716,"minecraft:sprint_one_cm":603242,"minecraft:walk_one_cm":580030,"minecraft:damage_blocked_by_shield":900,"minecraft:drop":34,"minecraft:talked_to_villager":1,"minecraft:play_time":194190,"minecraft:sneak_time":14155,"minecraft:walk_under_water_one_cm":12882,"minecraft:jump":3698,"minecraft:walk_on_water_one_cm":22127,"minecraft:total_world_time":194190,"minecraft:interact_with_furnace":47,"minecraft:sleep_in_bed":5,"minecraft:time_since_rest":41618,"minecraft:damage_taken":2966,"minecraft:damage_dealt":15719,"minecraft:swim_one_cm":34176,"minecraft:fly_one_cm":540632,"minecraft:crouch_one_cm":36384,"minecraft:open_chest":33,"minecraft:interact_with_smoker":35,"minecraft:fall_one_cm":102117},"minecraft:dropped":{"minecraft:moss_block":1,"minecraft:wheat_seeds":1,"minecraft:cooked_beef":4,"minecraft:glow_ink_sac":5,"minecraft:mossy_cobblestone":3,"minecraft:cooked_porkchop":11,"minecraft:feather":1,"minecraft:black_bed":1,"minecraft:melon_slice":6,"minecraft:iron_axe":2,"minecraft:string":5,"minecraft:white_wool":1,"minecraft:cooked_chicken":9,"minecraft:stone_sword":1,"minecraft:cobbled_deepslate":3,"minecraft:cooked_mutton":4,"minecraft:salmon":1,"minecraft:wooden_pickaxe":1,"minecraft:egg":1},"minecraft:killed":{"minecraft:spider":5,"minecraft:skeleton":17,"minecraft:chicken":19,"minecraft:pig":28,"graveyard:ghoul":3,"minecraft:salmon":4,"minecraft:sheep":9,"minecraft:zombie":23,"minecraft:cow":12},"minecraft:used":{"minecraft:stone_sword":130,"minecraft:chest":4,"minecraft:shield":27,"minecraft:iron_sword":224,"minecraft:cooked_salmon":2,"minecraft:cooked_chicken":2,"minecraft:torch":80,"minecraft:dirt":15,"minecraft:jungle_planks":52,"minecraft:oak_wood":48,"minecraft:tuff":7,"minecraft:jungle_sapling":2,"minecraft:chipped_anvil":2,"minecraft:iron_axe":130,"minecraft:oak_stairs":143,"minecraft:iron_helmet":1,"minecraft:oak_sapling":15,"minecraft:furnace":12,"minecraft:egg":4,"minecraft:cooked_beef":8,"minecraft:cobbled_deepslate":78,"minecraft:cooked_mutton":8,"minecraft:diorite":3,"minecraft:damaged_anvil":1,"minecraft:oak_planks":53,"minecraft:stone_pickaxe":131,"minecraft:wooden_pickaxe":8,"minecraft:mossy_cobblestone":11,"minecraft:tnt":1,"minecraft:crafting_table":8,"minecraft:smoker":8,"minecraft:oak_log":122,"minecraft:stripped_jungle_log":1,"minecraft:bread":4,"minecraft:melon_slice":17,"minecraft:iron_pickaxe":216,"travelersbackpack:white_sleeping_bag":1,"minecraft:spore_blossom":1,"minecraft:stone_axe":126,"minecraft:cobblestone":224,"travelersbackpack:standard":10,"minecraft:cooked_porkchop":17,"minecraft:bucket":8,"minecraft:stripped_oak_log":4},"minecraft:broken":{"minecraft:stone_pickaxe":1,"minecraft:stone_axe":1},"minecraft:crafted":{"minecraft:oak_planks":276,"minecraft:cooked_chicken":18,"minecraft:furnace":2,"minecraft:cooked_mutton":12,"minecraft:glass":12,"travelersbackpack:white_sleeping_bag":1,"minecraft:iron_boots":1,"minecraft:iron_axe":2,"minecraft:stone_pickaxe":1,"minecraft:chest":3,"minecraft:smoker":2,"minecraft:cooked_beef":25,"minecraft:cooked_porkchop":35,"minecraft:crafting_table":2,"travelersbackpack:backpack_tank":2,"minecraft:iron_helmet":1,"minecraft:wooden_pickaxe":1,"travelersbackpack:standard":1,"minecraft:iron_sword":1,"minecraft:cooked_salmon":2,"minecraft:bucket":2,"minecraft:oak_wood":36,"minecraft:stone_axe":1,"minecraft:air":0,"minecraft:jungle_planks":68,"minecraft:iron_chestplate":1,"minecraft:shield":1,"minecraft:stick":8,"minecraft:iron_ingot":58,"minecraft:iron_pickaxe":1,"minecraft:oak_stairs":132,"minecraft:stone_sword":1,"minecraft:iron_leggings":1,"minecraft:gold_ingot":3,"minecraft:torch":16},"minecraft:mined":{"minecraft:tuff":7,"minecraft:mossy_cobblestone":17,"minecraft:deepslate_diamond_ore":18,"minecraft:grass_block":4,"minecraft:jungle_planks":1,"minecraft:jungle_log":1,"travelersbackpack:white_sleeping_bag":1,"minecraft:moss_block":2,"minecraft:large_fern":1,"minecraft:furnace":12,"minecraft:iron_ore":12,"minecraft:cobbled_deepslate":2,"treechop:chopped_log":16,"minecraft:deepslate_iron_ore":22,"minecraft:vine":3,"minecraft:dirt_path":1,"minecraft:oak_stairs":24,"minecraft:stripped_jungle_log":1,"minecraft:stripped_oak_log":4,"minecraft:stone":97,"minecraft:oak_slab":1,"minecraft:glass_pane":1,"minecraft:smoker":6,"minecraft:crafting_table":8,"minecraft:torch":6,"minecraft:oak_wood":13,"minecraft:melon":5,"minecraft:chest":2,"minecraft:tall_grass":1,"minecraft:cobblestone":29,"minecraft:deepslate_gold_ore":1,"minecraft:sugar_cane":3,"minecraft:oak_planks":15,"minecraft:damaged_anvil":1,"minecraft:diorite":3,"minecraft:wall_torch":2,"minecraft:tnt":1,"minecraft:black_bed":1,"graveyard:skull_pile":1,"minecraft:grass":24,"graveyard:creeper_skeleton":1,"minecraft:oak_log":66,"minecraft:coal_ore":43,"minecraft:gravel":1,"minecraft:sand":14,"minecraft:dirt":11,"minecraft:cobweb":1,"minecraft:chipped_anvil":2,"minecraft:oak_leaves":7,"minecraft:deepslate":71},"minecraft:picked_up":{"minecraft:cocoa_beans":9,"minecraft:crafting_table":7,"minecraft:chicken":18,"minecraft:lead":3,"minecraft:oak_stairs":24,"minecraft:string":5,"minecraft:iron_axe":1,"minecraft:cobbled_deepslate":88,"minecraft:beef":25,"minecraft:jungle_sapling":2,"minecraft:melon_slice":23,"minecraft:sugar_cane":7,"minecraft:chest":2,"minecraft:birch_sapling":2,"minecraft:furnace":12,"minecraft:iron_boots":1,"minecraft:egg":5,"minecraft:stick":33,"minecraft:raw_iron":36,"minecraft:torch":9,"minecraft:porkchop":55,"minecraft:diorite":3,"minecraft:tnt":1,"minecraft:rotten_flesh":15,"minecraft:arrow":11,"minecraft:gold_ingot":1,"minecraft:mutton":13,"minecraft:cobblestone":262,"minecraft:white_wool":7,"minecraft:stripped_oak_log":4,"minecraft:mossy_cobblestone_slab":1,"minecraft:feather":12,"minecraft:glow_ink_sac":5,"minecraft:salmon":3,"minecraft:jungle_log":17,"minecraft:brown_wool":1,"minecraft:black_bed":1,"minecraft:leather":10,"minecraft:smoker":6,"minecraft:tuff":13,"minecraft:oak_log":281,"travelersbackpack:gold_tier_upgrade":1,"minecraft:dirt":15,"minecraft:bone":25,"minecraft:glass":2,"minecraft:chipped_anvil":2,"minecraft:apple":3,"minecraft:bow":1,"minecraft:wheat_seeds":3,"minecraft:raw_gold":1,"minecraft:spore_blossom":1,"minecraft:iron_ingot":20,"minecraft:moss_block":1,"minecraft:oak_planks":15,"minecraft:oak_slab":1,"minecraft:jungle_planks":1,"minecraft:sand":14,"minecraft:spider_eye":2,"minecraft:mossy_cobblestone":14,"travelersbackpack:white_sleeping_bag":1,"minecraft:stripped_jungle_log":1,"minecraft:oak_wood":13,"minecraft:diamond":18,"minecraft:oak_sapling":38,"minecraft:damaged_anvil":1,"minecraft:black_wool":1,"minecraft:coal":112}},"DataVersion":3465}