{"stats":{"minecraft:custom":{"minecraft:animals_bred":4,"minecraft:interact_with_crafting_table":66,"minecraft:open_barrel":12,"minecraft:bell_ring":13,"minecraft:leave_game":1,"minecraft:time_since_death":8247,"minecraft:sprint_one_cm":1462421,"minecraft:damage_blocked_by_shield":4115,"minecraft:drop":125,"minecraft:talked_to_villager":11,"minecraft:play_time":559177,"minecraft:deaths":1,"minecraft:jump":9428,"minecraft:walk_on_water_one_cm":88394,"minecraft:interact_with_furnace":87,"minecraft:sleep_in_bed":13,"minecraft:damage_dealt":50081,"minecraft:player_kills":1,"minecraft:crouch_one_cm":78042,"minecraft:interact_with_smoker":52,"minecraft:interact_with_smithing_table":6,"minecraft:mob_kills":300,"minecraft:climb_one_cm":716,"minecraft:walk_one_cm":1575515,"minecraft:sneak_time":31072,"minecraft:walk_under_water_one_cm":52175,"minecraft:total_world_time":559177,"minecraft:interact_with_stonecutter":1,"minecraft:time_since_rest":8281,"minecraft:damage_taken":7849,"minecraft:swim_one_cm":85488,"minecraft:fly_one_cm":1470773,"minecraft:open_chest":140,"minecraft:fall_one_cm":252139},"minecraft:used":{"minecraft:chest":5,"minecraft:shield":130,"minecraft:iron_sword":256,"graveyard:small_cyan_urn":2,"minecraft:jungle_planks":52,"minecraft:carrot":66,"minecraft:tuff":7,"minecraft:axolotl_bucket":11,"minecraft:jungle_sapling":2,"minecraft:glass":1,"minecraft:iron_helmet":1,"graveyard:torso_pile":2,"minecraft:bow":29,"minecraft:oak_sapling":25,"minecraft:furnace":14,"minecraft:egg":4,"minecraft:potato":65,"minecraft:dark_oak_sapling":4,"minecraft:diorite":6,"minecraft:damaged_anvil":2,"minecraft:diamond_boots":1,"minecraft:wither_skeleton_skull":1,"minecraft:oak_planks":70,"minecraft:stone_pickaxe":131,"minecraft:wooden_pickaxe":8,"minecraft:sugar_cane":36,"minecraft:diamond_axe":25,"graveyard:skeleton_hand":2,"minecraft:sand":82,"minecraft:black_bed":1,"minecraft:redstone_torch":2,"minecraft:melon_slice":17,"minecraft:bread":4,"minecraft:spore_blossom":1,"minecraft:gravel":14,"minecraft:diamond_sword":700,"minecraft:smithing_table":1,"minecraft:andesite":10,"minecraft:tropical_fish_bucket":1,"minecraft:bone_meal":195,"minecraft:oak_fence":17,"graveyard:skull_on_pike":2,"minecraft:stone_sword":130,"minecraft:cooked_salmon":2,"minecraft:cooked_chicken":8,"minecraft:torch":458,"minecraft:dirt":689,"minecraft:diamond_helmet":1,"minecraft:oak_wood":53,"minecraft:iron_hoe":149,"minecraft:chipped_anvil":3,"minecraft:iron_axe":244,"minecraft:oak_stairs":223,"minecraft:iron_boots":1,"minecraft:cooked_beef":24,"minecraft:cobbled_deepslate":78,"minecraft:wheat_seeds":84,"minecraft:cooked_mutton":9,"minecraft:water_bucket":95,"graveyard:bone_remains":1,"minecraft:baked_potato":23,"minecraft:stonecutter":1,"graveyard:bone_dagger":1,"minecraft:mossy_cobblestone":11,"minecraft:oak_slab":1,"minecraft:tnt":1,"minecraft:crafting_table":12,"bosses_of_mass_destruction:soul_star":4,"minecraft:smoker":12,"minecraft:oak_log":154,"minecraft:diamond_pickaxe":670,"minecraft:diamond_shovel":1433,"minecraft:stripped_jungle_log":1,"minecraft:iron_pickaxe":474,"travelersbackpack:white_sleeping_bag":1,"minecraft:stone_axe":126,"minecraft:cobblestone":423,"travelersbackpack:standard":15,"minecraft:cooked_porkchop":48,"minecraft:bucket":120,"minecraft:yellow_bed":1,"minecraft:stripped_oak_log":4},"minecraft:mined":{"minecraft:oak_sapling":1,"minecraft:sculk_vein":3,"minecraft:obsidian":22,"minecraft:granite":2,"minecraft:budding_amethyst":2,"minecraft:grass_block":558,"minecraft:jungle_log":1,"graveyard:skull_on_pike":2,"minecraft:iron_ore":71,"minecraft:cobbled_deepslate":2,"minecraft:deepslate_lapis_ore":4,"minecraft:dirt_path":48,"minecraft:oak_stairs":43,"minecraft:deepslate_redstone_ore":16,"minecraft:smoker":10,"minecraft:amethyst_cluster":5,"minecraft:torch":45,"minecraft:calcite":60,"minecraft:melon":5,"minecraft:chest":3,"minecraft:glass":1,"minecraft:wither_skeleton_wall_skull":1,"minecraft:cobblestone":81,"graveyard:skeleton_hand":2,"minecraft:sugar_cane":30,"minecraft:oak_planks":30,"minecraft:damaged_anvil":2,"minecraft:wall_torch":22,"minecraft:amethyst_block":47,"minecraft:wheat":30,"minecraft:tnt":1,"minecraft:black_bed":4,"graveyard:skull_pile":1,"minecraft:grass":194,"graveyard:creeper_skeleton":1,"minecraft:oak_log":84,"minecraft:dark_oak_sapling":4,"minecraft:sand":110,"minecraft:dirt":513,"minecraft:smooth_basalt":3,"graveyard:small_cyan_urn":2,"minecraft:stonecutter":1,"minecraft:oak_leaves":10,"minecraft:deepslate":121,"graveyard:torso_pile":2,"minecraft:diamond_ore":2,"minecraft:tuff":10,"minecraft:mossy_cobblestone":18,"minecraft:deepslate_diamond_ore":50,"minecraft:jungle_planks":1,"travelersbackpack:white_sleeping_bag":1,"minecraft:moss_block":7,"minecraft:large_fern":1,"minecraft:redstone_ore":1,"minecraft:furnace":14,"minecraft:carrots":18,"minecraft:andesite":14,"treechop:chopped_log":27,"minecraft:potatoes":17,"minecraft:deepslate_iron_ore":56,"minecraft:vine":3,"minecraft:stripped_jungle_log":1,"minecraft:stripped_oak_log":5,"minecraft:stone":366,"minecraft:smithing_table":1,"minecraft:oak_slab":1,"minecraft:glass_pane":1,"minecraft:dandelion":2,"minecraft:oak_fence":4,"minecraft:crafting_table":10,"minecraft:oak_wood":18,"minecraft:tall_grass":15,"minecraft:deepslate_gold_ore":18,"minecraft:sculk":65,"minecraft:diorite":6,"minecraft:redstone_torch":4,"minecraft:yellow_bed":3,"minecraft:coal_ore":175,"minecraft:gravel":28,"minecraft:cobweb":44,"minecraft:chipped_anvil":3,"minecraft:gold_ore":10},"minecraft:picked_up":{"minecraft:iron_chestplate":1,"minecraft:wheat":35,"minecraft:smithing_table":1,"minecraft:lead":6,"minecraft:diamond_sword":2,"minecraft:oak_stairs":47,"minecraft:amethyst_block":45,"minecraft:string":63,"minecraft:iron_leggings":1,"minecraft:diamond_leggings":1,"minecraft:cobbled_deepslate":151,"bosses_of_mass_destruction:soul_star":10,"minecraft:redstone_torch":5,"minecraft:calcite":59,"minecraft:iron_pickaxe":3,"minecraft:melon_slice":23,"minecraft:iron_boots":2,"minecraft:furnace":14,"minecraft:stick":53,"minecraft:oak_fence":6,"minecraft:torch":215,"minecraft:porkchop":65,"minecraft:diorite":6,"minecraft:rotten_flesh":89,"minecraft:tropical_fish":4,"minecraft:obsidian":20,"minecraft:cobblestone":805,"minecraft:mossy_cobblestone_slab":1,"minecraft:feather":17,"minecraft:water_bucket":1,"minecraft:andesite":13,"minecraft:jungle_log":17,"minecraft:black_bed":2,"minecraft:brown_wool":1,"minecraft:smoker":10,"minecraft:potato":76,"minecraft:flint":5,"minecraft:tuff":17,"minecraft:wither_skeleton_skull":1,"travelersbackpack:gold_tier_upgrade":1,"minecraft:lapis_lazuli":23,"minecraft:dirt":1188,"minecraft:bone":90,"minecraft:glass":2,"minecraft:chipped_anvil":3,"minecraft:stonecutter":1,"minecraft:bow":7,"minecraft:wheat_seeds":131,"minecraft:raw_gold":27,"minecraft:glowstone_dust":2,"minecraft:diamond_helmet":1,"minecraft:moss_block":4,"minecraft:oak_planks":49,"minecraft:cooked_porkchop":8,"graveyard:bone_dagger":1,"minecraft:jungle_planks":1,"minecraft:sand":110,"minecraft:grass_block":1,"minecraft:dark_oak_log":10,"minecraft:mossy_cobblestone":15,"travelersbackpack:white_sleeping_bag":1,"minecraft:iron_hoe":1,"minecraft:sugar":40,"minecraft:diamond":57,"minecraft:granite":2,"minecraft:bread":112,"minecraft:oak_sapling":59,"minecraft:diamond_pickaxe":2,"minecraft:cocoa_beans":9,"minecraft:crafting_table":10,"minecraft:chicken":20,"minecraft:shield":2,"minecraft:moss_carpet":2,"minecraft:iron_axe":2,"graveyard:corruption":7,"minecraft:beef":25,"minecraft:jungle_sapling":2,"minecraft:poppy":1,"minecraft:sugar_cane":68,"minecraft:chest":3,"minecraft:birch_sapling":2,"minecraft:egg":7,"minecraft:dark_oak_sapling":4,"minecraft:raw_iron":142,"graveyard:small_cyan_urn":2,"minecraft:carrot":65,"minecraft:redstone":79,"minecraft:tnt":1,"minecraft:diamond_chestplate":1,"minecraft:arrow":94,"minecraft:diamond_boots":1,"minecraft:gold_ingot":1,"minecraft:mutton":18,"minecraft:white_wool":11,"minecraft:rail":5,"minecraft:stripped_oak_log":5,"minecraft:glow_ink_sac":5,"minecraft:salmon":3,"minecraft:leather":13,"minecraft:oak_log":376,"minecraft:yellow_bed":1,"minecraft:gunpowder":6,"minecraft:cooked_mutton":5,"minecraft:apple":4,"minecraft:spore_blossom":1,"minecraft:iron_ingot":20,"minecraft:iron_sword":2,"minecraft:oak_slab":1,"minecraft:smooth_basalt":3,"minecraft:dandelion":2,"minecraft:gravel":21,"minecraft:amethyst_shard":20,"minecraft:spider_eye":9,"minecraft:stripped_jungle_log":1,"minecraft:oak_wood":19,"minecraft:diamond_shovel":1,"minecraft:slime_ball":2,"minecraft:iron_helmet":1,"minecraft:diamond_axe":1,"minecraft:damaged_anvil":2,"minecraft:black_wool":1,"minecraft:coal":286,"minecraft:ender_pearl":2},"minecraft:crafted":{"minecraft:oak_planks":508,"minecraft:cooked_chicken":18,"minecraft:diamond_shovel":2,"minecraft:cooked_mutton":18,"minecraft:glass":25,"minecraft:diamond_helmet":1,"minecraft:bow":1,"minecraft:diamond_leggings":2,"minecraft:iron_boots":1,"minecraft:chest":4,"minecraft:oak_fence":42,"minecraft:smoker":2,"travelersbackpack:iron_tier_upgrade":2,"minecraft:cooked_porkchop":51,"minecraft:diamond_axe":1,"minecraft:crafting_table":3,"minecraft:iron_helmet":1,"minecraft:baked_potato":34,"minecraft:wooden_pickaxe":1,"travelersbackpack:standard":1,"minecraft:smithing_table":1,"minecraft:oak_wood":42,"minecraft:iron_chestplate":1,"minecraft:paper":48,"minecraft:diamond_pickaxe":1,"minecraft:shield":2,"minecraft:stick":76,"minecraft:iron_ingot":159,"minecraft:iron_pickaxe":1,"minecraft:stone_sword":1,"minecraft:gold_ingot":29,"minecraft:furnace":2,"minecraft:bone_meal":195,"travelersbackpack:blank_upgrade":4,"travelersbackpack:gold_tier_upgrade":1,"travelersbackpack:white_sleeping_bag":1,"minecraft:iron_axe":2,"minecraft:iron_hoe":1,"minecraft:stone_pickaxe":1,"minecraft:diamond_boots":1,"minecraft:cooked_beef":25,"minecraft:diamond_sword":1,"travelersbackpack:backpack_tank":4,"minecraft:iron_sword":1,"minecraft:cooked_salmon":2,"minecraft:bucket":2,"minecraft:stone_axe":1,"minecraft:air":0,"minecraft:jungle_planks":68,"minecraft:oak_stairs":184,"minecraft:iron_leggings":1,"minecraft:torch":320,"minecraft:diamond_chestplate":2},"minecraft:broken":{"minecraft:stone_pickaxe":1,"minecraft:stone_axe":1,"minecraft:iron_sword":1,"minecraft:shield":1,"minecraft:iron_axe":1,"minecraft:iron_pickaxe":1},"minecraft:killed":{"minecraft:cave_spider":8,"minecraft:witch":1,"graveyard:skeleton_creeper":3,"minecraft:spider":19,"minecraft:skeleton":60,"minecraft:chicken":21,"minecraft:pig":32,"minecraft:salmon":4,"minecraft:creeper":5,"minecraft:sheep":12,"minecraft:zombie":90,"minecraft:cow":12,"graveyard:nightmare":3,"minecraft:slime":2,"graveyard:ghoul":18,"minecraft:player":1,"minecraft:enderman":1},"minecraft:dropped":{"minecraft:iron_sword":2,"minecraft:moss_block":4,"minecraft:cooked_beef":4,"minecraft:oak_log":24,"minecraft:baked_potato":11,"minecraft:glow_ink_sac":5,"minecraft:crafting_table":1,"minecraft:cooked_porkchop":20,"minecraft:black_bed":1,"minecraft:leather":5,"travelersbackpack:iron_tier_upgrade":1,"travelersbackpack:standard":1,"graveyard:corruption":2,"minecraft:dirt":3,"minecraft:dark_oak_log":10,"minecraft:iron_pickaxe":3,"minecraft:white_wool":1,"minecraft:bone":25,"minecraft:cooked_chicken":9,"minecraft:cobbled_deepslate":5,"minecraft:rotten_flesh":55,"minecraft:oak_planks":16,"minecraft:diamond_shovel":1,"minecraft:cooked_mutton":4,"minecraft:salmon":1,"bosses_of_mass_destruction:soul_star":3,"travelersbackpack:gold_tier_upgrade":1,"minecraft:arrow":22,"minecraft:egg":1,"minecraft:bread":112,"minecraft:wheat_seeds":2,"minecraft:mossy_cobblestone":3,"minecraft:diamond_leggings":1,"minecraft:iron_helmet":1,"minecraft:oak_fence":2,"minecraft:feather":1,"minecraft:cobblestone":159,"minecraft:granite":1,"graveyard:bone_dagger":1,"minecraft:coal":29,"minecraft:stick":9,"minecraft:torch":52,"minecraft:melon_slice":6,"minecraft:iron_leggings":1,"minecraft:iron_axe":3,"minecraft:string":8,"minecraft:moss_carpet":2,"minecraft:stone_sword":1,"minecraft:tuff":2,"minecraft:raw_iron":14,"minecraft:iron_boots":1,"minecraft:diamond_sword":1,"minecraft:shield":2,"minecraft:diamond_chestplate":1,"minecraft:iron_chestplate":1,"minecraft:diamond_pickaxe":1,"minecraft:andesite":2,"minecraft:redstone_torch":3,"minecraft:spider_eye":7,"minecraft:bow":4,"minecraft:wooden_pickaxe":1}},"DataVersion":3465}