{"stats":{"minecraft:killed":{"minecraft:pig":12,"minecraft:salmon":4,"minecraft:sheep":4,"minecraft:skeleton":2,"minecraft:zombie":3,"minecraft:chicken":12,"minecraft:cow":3},"minecraft:used":{"minecraft:cooked_mutton":2,"minecraft:diorite":3,"minecraft:stone_sword":93,"minecraft:stone_pickaxe":130,"minecraft:wooden_pickaxe":8,"minecraft:cooked_salmon":2,"minecraft:torch":11,"minecraft:dirt":14,"minecraft:tnt":1,"minecraft:crafting_table":1,"minecraft:jungle_planks":49,"minecraft:jungle_sapling":2,"minecraft:stripped_jungle_log":1,"minecraft:melon_slice":17,"minecraft:stone_axe":62,"minecraft:cobblestone":2,"minecraft:oak_sapling":14},"minecraft:mined":{"minecraft:crafting_table":3,"minecraft:grass_block":3,"minecraft:melon":5,"minecraft:jungle_log":1,"minecraft:diorite":3,"minecraft:wall_torch":1,"minecraft:furnace":1,"minecraft:iron_ore":7,"treechop:chopped_log":8,"minecraft:tnt":1,"graveyard:skull_pile":1,"minecraft:grass":10,"graveyard:creeper_skeleton":1,"minecraft:coal_ore":41,"minecraft:vine":3,"minecraft:dirt_path":1,"minecraft:dirt":11,"minecraft:stripped_jungle_log":1,"minecraft:stone":79,"minecraft:oak_leaves":4},"minecraft:dropped":{"minecraft:salmon":1,"minecraft:melon_slice":6,"minecraft:wooden_pickaxe":1,"minecraft:white_wool":1},"minecraft:custom":{"minecraft:interact_with_furnace":8,"minecraft:mob_kills":41,"minecraft:interact_with_crafting_table":7,"minecraft:open_barrel":12,"minecraft:time_since_death":44650,"minecraft:climb_one_cm":716,"minecraft:time_since_rest":44650,"minecraft:sprint_one_cm":115126,"minecraft:damage_taken":525,"minecraft:walk_one_cm":128357,"minecraft:drop":9,"minecraft:damage_dealt":4018,"minecraft:swim_one_cm":10828,"minecraft:fly_one_cm":79408,"minecraft:open_chest":2,"minecraft:crouch_one_cm":7584,"minecraft:play_time":44650,"minecraft:sneak_time":3401,"minecraft:walk_under_water_one_cm":6731,"minecraft:jump":677,"minecraft:walk_on_water_one_cm":8804,"minecraft:total_world_time":44650,"minecraft:interact_with_smoker":1,"minecraft:fall_one_cm":16634},"minecraft:picked_up":{"minecraft:cocoa_beans":9,"minecraft:crafting_table":2,"minecraft:feather":11,"minecraft:chicken":12,"minecraft:jungle_log":17,"minecraft:salmon":3,"minecraft:leather":4,"minecraft:oak_log":31,"minecraft:dirt":14,"minecraft:bone":9,"minecraft:apple":1,"minecraft:wheat_seeds":1,"minecraft:beef":6,"minecraft:jungle_sapling":2,"minecraft:melon_slice":23,"minecraft:egg":3,"minecraft:furnace":1,"minecraft:stick":12,"minecraft:raw_iron":7,"minecraft:torch":2,"minecraft:porkchop":21,"minecraft:diorite":3,"minecraft:stripped_jungle_log":1,"minecraft:arrow":1,"minecraft:oak_sapling":15,"minecraft:mutton":6,"minecraft:coal":57,"minecraft:white_wool":4,"minecraft:cobblestone":78},"minecraft:crafted":{"minecraft:crafting_table":1,"minecraft:wooden_pickaxe":1,"minecraft:cooked_salmon":2,"minecraft:stone_axe":1,"minecraft:cooked_mutton":2,"minecraft:air":0,"minecraft:jungle_planks":68,"minecraft:stick":8,"minecraft:iron_ingot":5,"minecraft:iron_pickaxe":1,"minecraft:stone_pickaxe":1,"minecraft:stone_sword":1,"minecraft:torch":16}},"DataVersion":3465}