{"stats":{"minecraft:killed":{"minecraft:pig":14,"graveyard:ghoul":3,"minecraft:salmon":4,"minecraft:spider":4,"minecraft:sheep":4,"minecraft:skeleton":13,"minecraft:zombie":22,"minecraft:chicken":12,"minecraft:cow":3},"minecraft:used":{"minecraft:cooked_mutton":2,"minecraft:diorite":3,"minecraft:stone_sword":130,"minecraft:stone_pickaxe":131,"minecraft:shield":24,"minecraft:chest":2,"minecraft:wooden_pickaxe":8,"minecraft:iron_sword":114,"minecraft:cooked_salmon":2,"minecraft:torch":19,"minecraft:dirt":14,"minecraft:tnt":1,"minecraft:crafting_table":5,"minecraft:jungle_planks":51,"minecraft:tuff":5,"minecraft:smoker":2,"minecraft:jungle_sapling":2,"minecraft:stripped_jungle_log":1,"minecraft:melon_slice":17,"minecraft:iron_pickaxe":119,"minecraft:iron_helmet":1,"minecraft:stone_axe":65,"minecraft:cobblestone":33,"minecraft:oak_sapling":14,"minecraft:cooked_porkchop":12,"minecraft:egg":3,"minecraft:cooked_beef":2,"minecraft:cobbled_deepslate":78},"minecraft:broken":{"minecraft:stone_pickaxe":1},"minecraft:mined":{"minecraft:tuff":7,"minecraft:deepslate_diamond_ore":15,"minecraft:crafting_table":5,"minecraft:grass_block":3,"minecraft:melon":5,"minecraft:jungle_log":1,"minecraft:deepslate_gold_ore":1,"minecraft:moss_block":2,"minecraft:diorite":3,"minecraft:wall_torch":1,"minecraft:furnace":1,"minecraft:iron_ore":7,"minecraft:cobbled_deepslate":2,"treechop:chopped_log":8,"minecraft:tnt":1,"graveyard:skull_pile":1,"minecraft:grass":10,"graveyard:creeper_skeleton":1,"minecraft:coal_ore":41,"minecraft:deepslate_iron_ore":19,"minecraft:vine":3,"minecraft:dirt_path":1,"minecraft:gravel":1,"minecraft:dirt":11,"minecraft:stripped_jungle_log":1,"minecraft:stone":85,"minecraft:deepslate":70,"minecraft:oak_leaves":4},"minecraft:dropped":{"minecraft:moss_block":1,"minecraft:cooked_beef":4,"minecraft:cooked_chicken":9,"minecraft:glow_ink_sac":5,"minecraft:stone_sword":1,"minecraft:cooked_porkchop":11,"minecraft:cooked_mutton":4,"minecraft:salmon":1,"minecraft:melon_slice":6,"minecraft:wooden_pickaxe":1,"minecraft:white_wool":1},"minecraft:custom":{"minecraft:interact_with_furnace":17,"minecraft:mob_kills":82,"minecraft:interact_with_crafting_table":21,"minecraft:open_barrel":12,"minecraft:time_since_death":92650,"minecraft:climb_one_cm":716,"minecraft:time_since_rest":92650,"minecraft:sprint_one_cm":260591,"minecraft:damage_taken":1696,"minecraft:walk_one_cm":275519,"minecraft:damage_blocked_by_shield":815,"minecraft:drop":22,"minecraft:damage_dealt":11235,"minecraft:swim_one_cm":18729,"minecraft:fly_one_cm":191292,"minecraft:open_chest":4,"minecraft:crouch_one_cm":20004,"minecraft:play_time":92650,"minecraft:sneak_time":7789,"minecraft:walk_under_water_one_cm":12054,"minecraft:jump":1647,"minecraft:walk_on_water_one_cm":18717,"minecraft:total_world_time":92650,"minecraft:interact_with_smoker":14,"minecraft:fall_one_cm":43641},"minecraft:picked_up":{"minecraft:cocoa_beans":9,"minecraft:crafting_table":4,"minecraft:feather":11,"minecraft:chicken":12,"minecraft:glow_ink_sac":5,"minecraft:jungle_log":17,"minecraft:salmon":3,"minecraft:leather":4,"minecraft:tuff":13,"minecraft:oak_log":54,"minecraft:string":4,"minecraft:dirt":14,"minecraft:bone":23,"minecraft:apple":1,"minecraft:wheat_seeds":1,"minecraft:cobbled_deepslate":86,"minecraft:raw_gold":1,"minecraft:iron_ingot":20,"minecraft:beef":6,"minecraft:jungle_sapling":2,"minecraft:moss_block":1,"minecraft:melon_slice":23,"minecraft:egg":3,"minecraft:furnace":1,"minecraft:stick":12,"minecraft:raw_iron":26,"minecraft:torch":2,"minecraft:porkchop":25,"minecraft:diorite":3,"minecraft:spider_eye":2,"minecraft:tnt":1,"minecraft:stripped_jungle_log":1,"minecraft:rotten_flesh":15,"minecraft:arrow":9,"minecraft:diamond":15,"minecraft:oak_sapling":15,"minecraft:mutton":6,"minecraft:coal":57,"minecraft:white_wool":4,"minecraft:cobblestone":84},"minecraft:crafted":{"minecraft:cooked_beef":6,"minecraft:oak_planks":92,"minecraft:cooked_porkchop":25,"minecraft:crafting_table":2,"minecraft:iron_helmet":1,"minecraft:wooden_pickaxe":1,"minecraft:cooked_chicken":12,"minecraft:iron_sword":1,"minecraft:furnace":1,"minecraft:cooked_salmon":2,"minecraft:stone_axe":1,"minecraft:cooked_mutton":6,"minecraft:air":0,"minecraft:jungle_planks":68,"minecraft:iron_boots":1,"minecraft:iron_chestplate":1,"minecraft:shield":1,"minecraft:stick":8,"minecraft:iron_ingot":9,"minecraft:iron_pickaxe":1,"minecraft:stone_pickaxe":1,"minecraft:iron_leggings":1,"minecraft:stone_sword":1,"minecraft:chest":2,"minecraft:torch":16,"minecraft:smoker":2}},"DataVersion":3465}