{"stats":{"minecraft:custom":{"minecraft:mob_kills":199,"minecraft:interact_with_crafting_table":44,"minecraft:open_barrel":12,"minecraft:bell_ring":13,"minecraft:time_since_death":301481,"minecraft:climb_one_cm":716,"minecraft:sprint_one_cm":839131,"minecraft:walk_one_cm":805647,"minecraft:damage_blocked_by_shield":2150,"minecraft:drop":82,"minecraft:talked_to_villager":1,"minecraft:play_time":301481,"minecraft:sneak_time":17662,"minecraft:walk_under_water_one_cm":19122,"minecraft:jump":5089,"minecraft:walk_on_water_one_cm":28505,"minecraft:total_world_time":301481,"minecraft:interact_with_furnace":48,"minecraft:sleep_in_bed":6,"minecraft:time_since_rest":34792,"minecraft:damage_taken":4474,"minecraft:damage_dealt":30282,"minecraft:player_kills":1,"minecraft:swim_one_cm":41912,"minecraft:fly_one_cm":776546,"minecraft:crouch_one_cm":44780,"minecraft:open_chest":55,"minecraft:interact_with_smoker":41,"minecraft:fall_one_cm":139771},"minecraft:used":{"minecraft:stone_sword":130,"minecraft:chest":5,"minecraft:shield":64,"minecraft:iron_sword":256,"minecraft:cooked_salmon":2,"minecraft:cooked_chicken":6,"minecraft:torch":210,"minecraft:dirt":19,"minecraft:jungle_planks":52,"minecraft:oak_wood":48,"minecraft:axolotl_bucket":1,"minecraft:tuff":7,"minecraft:jungle_sapling":2,"minecraft:chipped_anvil":2,"minecraft:iron_axe":191,"minecraft:oak_stairs":178,"minecraft:iron_helmet":1,"minecraft:bow":19,"minecraft:oak_sapling":15,"minecraft:furnace":12,"minecraft:egg":4,"minecraft:cooked_beef":24,"minecraft:cobbled_deepslate":78,"minecraft:cooked_mutton":9,"minecraft:water_bucket":8,"minecraft:diorite":3,"minecraft:damaged_anvil":1,"minecraft:oak_planks":67,"minecraft:stone_pickaxe":131,"minecraft:wooden_pickaxe":8,"minecraft:sugar_cane":13,"minecraft:mossy_cobblestone":11,"minecraft:oak_slab":1,"minecraft:tnt":1,"minecraft:crafting_table":9,"bosses_of_mass_destruction:soul_star":2,"minecraft:smoker":8,"minecraft:redstone_torch":1,"minecraft:oak_log":136,"minecraft:stripped_jungle_log":1,"minecraft:bread":4,"minecraft:melon_slice":17,"minecraft:iron_pickaxe":450,"travelersbackpack:white_sleeping_bag":1,"minecraft:spore_blossom":1,"minecraft:stone_axe":126,"minecraft:diamond_sword":214,"travelersbackpack:standard":10,"minecraft:cobblestone":263,"minecraft:cooked_porkchop":17,"minecraft:bucket":20,"minecraft:stripped_oak_log":4,"minecraft:tropical_fish_bucket":1},"minecraft:mined":{"minecraft:diamond_ore":2,"minecraft:tuff":9,"minecraft:mossy_cobblestone":17,"minecraft:deepslate_diamond_ore":27,"minecraft:granite":2,"minecraft:grass_block":5,"minecraft:jungle_planks":1,"minecraft:jungle_log":1,"travelersbackpack:white_sleeping_bag":1,"minecraft:moss_block":7,"minecraft:large_fern":1,"minecraft:redstone_ore":1,"minecraft:furnace":12,"minecraft:iron_ore":63,"minecraft:cobbled_deepslate":2,"minecraft:andesite":1,"treechop:chopped_log":20,"minecraft:dirt_path":1,"minecraft:deepslate_iron_ore":23,"minecraft:vine":3,"minecraft:oak_stairs":34,"minecraft:stripped_oak_log":5,"minecraft:stripped_jungle_log":1,"minecraft:stone":139,"minecraft:deepslate_redstone_ore":3,"minecraft:oak_slab":1,"minecraft:glass_pane":1,"minecraft:smoker":6,"minecraft:crafting_table":9,"minecraft:torch":7,"minecraft:oak_wood":13,"minecraft:melon":5,"minecraft:chest":3,"minecraft:tall_grass":2,"minecraft:cobblestone":66,"minecraft:deepslate_gold_ore":1,"minecraft:oak_planks":29,"minecraft:sugar_cane":4,"minecraft:damaged_anvil":1,"minecraft:diorite":3,"minecraft:wall_torch":3,"minecraft:redstone_torch":2,"minecraft:tnt":1,"minecraft:black_bed":1,"graveyard:skull_pile":1,"minecraft:grass":28,"graveyard:creeper_skeleton":1,"minecraft:oak_log":74,"minecraft:coal_ore":117,"minecraft:gravel":1,"minecraft:dirt":11,"minecraft:sand":14,"minecraft:cobweb":1,"minecraft:chipped_anvil":2,"minecraft:oak_leaves":10,"minecraft:deepslate":76},"minecraft:picked_up":{"minecraft:crafting_table":8,"minecraft:cocoa_beans":9,"minecraft:iron_chestplate":1,"minecraft:chicken":18,"minecraft:diamond_sword":1,"minecraft:lead":3,"minecraft:oak_stairs":34,"minecraft:shield":2,"minecraft:moss_carpet":2,"minecraft:string":8,"minecraft:iron_axe":2,"minecraft:iron_leggings":1,"graveyard:corruption":3,"minecraft:cobbled_deepslate":91,"bosses_of_mass_destruction:soul_star":3,"minecraft:beef":25,"minecraft:redstone_torch":3,"minecraft:jungle_sapling":2,"minecraft:iron_pickaxe":3,"minecraft:melon_slice":23,"minecraft:sugar_cane":8,"minecraft:chest":3,"minecraft:birch_sapling":2,"minecraft:furnace":12,"minecraft:iron_boots":2,"minecraft:egg":5,"minecraft:stick":42,"minecraft:raw_iron":102,"minecraft:oak_fence":2,"minecraft:torch":63,"minecraft:porkchop":55,"minecraft:diorite":3,"minecraft:carrot":1,"minecraft:redstone":18,"minecraft:tnt":1,"minecraft:arrow":44,"minecraft:rotten_flesh":63,"minecraft:tropical_fish":4,"minecraft:gold_ingot":1,"minecraft:mutton":13,"minecraft:rail":5,"minecraft:white_wool":7,"minecraft:cobblestone":501,"minecraft:stripped_oak_log":5,"minecraft:mossy_cobblestone_slab":1,"minecraft:feather":12,"minecraft:andesite":1,"minecraft:glow_ink_sac":5,"minecraft:salmon":3,"minecraft:jungle_log":17,"minecraft:brown_wool":1,"minecraft:black_bed":1,"minecraft:leather":13,"minecraft:smoker":6,"minecraft:potato":1,"minecraft:tuff":15,"minecraft:oak_log":305,"minecraft:gunpowder":2,"travelersbackpack:gold_tier_upgrade":1,"minecraft:dirt":22,"minecraft:bone":42,"minecraft:glass":2,"minecraft:chipped_anvil":2,"minecraft:apple":4,"minecraft:bow":3,"minecraft:wheat_seeds":4,"minecraft:raw_gold":1,"minecraft:spore_blossom":1,"minecraft:iron_ingot":20,"minecraft:glowstone_dust":2,"minecraft:moss_block":4,"minecraft:iron_sword":2,"minecraft:oak_planks":48,"minecraft:oak_slab":1,"minecraft:sand":14,"minecraft:jungle_planks":1,"minecraft:dark_oak_log":10,"minecraft:spider_eye":5,"minecraft:mossy_cobblestone":14,"travelersbackpack:white_sleeping_bag":1,"minecraft:stripped_jungle_log":1,"minecraft:oak_wood":13,"minecraft:diamond":29,"minecraft:iron_helmet":1,"minecraft:granite":2,"minecraft:bread":112,"minecraft:oak_sapling":47,"minecraft:damaged_anvil":1,"minecraft:black_wool":1,"minecraft:coal":213,"minecraft:diamond_pickaxe":1},"minecraft:crafted":{"minecraft:oak_planks":308,"minecraft:cooked_chicken":18,"minecraft:furnace":2,"minecraft:cooked_mutton":13,"minecraft:glass":12,"travelersbackpack:white_sleeping_bag":1,"minecraft:iron_boots":1,"minecraft:iron_axe":2,"minecraft:stone_pickaxe":1,"minecraft:chest":4,"minecraft:smoker":2,"minecraft:cooked_beef":25,"minecraft:diamond_sword":1,"minecraft:cooked_porkchop":43,"minecraft:crafting_table":2,"minecraft:iron_helmet":1,"travelersbackpack:standard":1,"travelersbackpack:backpack_tank":2,"minecraft:wooden_pickaxe":1,"minecraft:baked_potato":15,"minecraft:iron_sword":1,"minecraft:cooked_salmon":2,"minecraft:bucket":2,"minecraft:oak_wood":39,"minecraft:stone_axe":1,"minecraft:air":0,"minecraft:jungle_planks":68,"minecraft:iron_chestplate":1,"minecraft:diamond_pickaxe":1,"minecraft:shield":1,"minecraft:stick":8,"minecraft:iron_ingot":67,"minecraft:iron_pickaxe":1,"minecraft:oak_stairs":144,"minecraft:stone_sword":1,"minecraft:iron_leggings":1,"minecraft:gold_ingot":3,"minecraft:torch":96},"minecraft:broken":{"minecraft:stone_pickaxe":1,"minecraft:stone_axe":1,"minecraft:iron_sword":1,"minecraft:iron_pickaxe":1},"minecraft:killed":{"minecraft:witch":1,"graveyard:skeleton_creeper":2,"minecraft:spider":12,"minecraft:skeleton":32,"minecraft:chicken":19,"minecraft:pig":28,"graveyard:ghoul":12,"minecraft:salmon":4,"minecraft:sheep":9,"minecraft:zombie":61,"minecraft:player":1,"minecraft:cow":12},"minecraft:dropped":{"minecraft:bread":112,"minecraft:iron_sword":2,"minecraft:moss_block":3,"minecraft:wheat_seeds":1,"minecraft:cooked_beef":4,"minecraft:glow_ink_sac":5,"minecraft:mossy_cobblestone":3,"minecraft:cooked_porkchop":11,"minecraft:feather":1,"minecraft:iron_helmet":1,"minecraft:cobblestone":159,"minecraft:black_bed":1,"minecraft:leather":3,"minecraft:granite":1,"graveyard:corruption":1,"minecraft:coal":29,"minecraft:stick":9,"minecraft:dark_oak_log":10,"minecraft:torch":52,"minecraft:melon_slice":6,"minecraft:iron_leggings":1,"minecraft:iron_axe":3,"minecraft:iron_pickaxe":3,"minecraft:string":5,"minecraft:white_wool":1,"minecraft:bone":1,"minecraft:moss_carpet":2,"minecraft:cooked_chicken":9,"minecraft:cobbled_deepslate":4,"minecraft:stone_sword":1,"minecraft:raw_iron":14,"minecraft:oak_planks":16,"minecraft:iron_boots":1,"minecraft:cooked_mutton":4,"minecraft:salmon":1,"minecraft:diamond_sword":1,"minecraft:shield":2,"minecraft:diamond_pickaxe":1,"minecraft:iron_chestplate":1,"minecraft:redstone_torch":2,"minecraft:arrow":22,"minecraft:bow":1,"minecraft:wooden_pickaxe":1,"minecraft:egg":1}},"DataVersion":3465}