{"stats":{"minecraft:custom":{"minecraft:animals_bred":1,"minecraft:interact_with_crafting_table":62,"minecraft:open_barrel":12,"minecraft:bell_ring":13,"minecraft:time_since_death":523245,"minecraft:sprint_one_cm":1347720,"minecraft:damage_blocked_by_shield":4115,"minecraft:drop":123,"minecraft:talked_to_villager":10,"minecraft:play_time":523245,"minecraft:jump":8846,"minecraft:walk_on_water_one_cm":88130,"minecraft:interact_with_furnace":87,"minecraft:sleep_in_bed":13,"minecraft:damage_dealt":49879,"minecraft:player_kills":1,"minecraft:crouch_one_cm":65933,"minecraft:interact_with_smoker":52,"minecraft:interact_with_smithing_table":5,"minecraft:mob_kills":299,"minecraft:climb_one_cm":716,"minecraft:walk_one_cm":1428861,"minecraft:sneak_time":27888,"minecraft:walk_under_water_one_cm":51735,"minecraft:total_world_time":523245,"minecraft:time_since_rest":24966,"minecraft:damage_taken":7259,"minecraft:swim_one_cm":85227,"minecraft:fly_one_cm":1372177,"minecraft:open_chest":121,"minecraft:fall_one_cm":238947},"minecraft:used":{"minecraft:chest":5,"minecraft:shield":130,"minecraft:iron_sword":256,"minecraft:jungle_planks":52,"minecraft:carrot":66,"minecraft:tuff":7,"minecraft:axolotl_bucket":11,"minecraft:jungle_sapling":2,"minecraft:glass":1,"minecraft:iron_helmet":1,"graveyard:torso_pile":2,"minecraft:bow":29,"minecraft:furnace":12,"minecraft:oak_sapling":25,"minecraft:egg":4,"minecraft:potato":65,"minecraft:dark_oak_sapling":4,"minecraft:diorite":6,"minecraft:damaged_anvil":1,"minecraft:diamond_boots":1,"minecraft:wither_skeleton_skull":1,"minecraft:stone_pickaxe":131,"minecraft:oak_planks":70,"minecraft:wooden_pickaxe":8,"minecraft:sugar_cane":36,"graveyard:skeleton_hand":2,"minecraft:sand":82,"minecraft:black_bed":1,"minecraft:redstone_torch":2,"minecraft:bread":4,"minecraft:melon_slice":17,"minecraft:spore_blossom":1,"minecraft:gravel":14,"minecraft:diamond_sword":652,"minecraft:smithing_table":1,"minecraft:andesite":10,"minecraft:tropical_fish_bucket":1,"minecraft:bone_meal":195,"graveyard:skull_on_pike":2,"minecraft:stone_sword":130,"minecraft:cooked_salmon":2,"minecraft:cooked_chicken":8,"minecraft:torch":397,"minecraft:dirt":401,"minecraft:diamond_helmet":1,"minecraft:oak_wood":48,"minecraft:iron_hoe":148,"minecraft:chipped_anvil":2,"minecraft:iron_axe":244,"minecraft:oak_stairs":223,"minecraft:iron_boots":1,"minecraft:cooked_beef":24,"minecraft:cobbled_deepslate":78,"minecraft:wheat_seeds":84,"minecraft:cooked_mutton":9,"graveyard:bone_remains":1,"minecraft:water_bucket":95,"minecraft:baked_potato":19,"graveyard:bone_dagger":1,"minecraft:mossy_cobblestone":11,"minecraft:tnt":1,"minecraft:oak_slab":1,"minecraft:crafting_table":12,"bosses_of_mass_destruction:soul_star":4,"minecraft:smoker":8,"minecraft:oak_log":136,"minecraft:diamond_pickaxe":658,"minecraft:diamond_shovel":1142,"minecraft:stripped_jungle_log":1,"minecraft:iron_pickaxe":474,"travelersbackpack:white_sleeping_bag":1,"minecraft:stone_axe":126,"minecraft:cobblestone":397,"travelersbackpack:standard":15,"minecraft:cooked_porkchop":45,"minecraft:bucket":120,"minecraft:yellow_bed":1,"minecraft:stripped_oak_log":4},"minecraft:mined":{"minecraft:oak_sapling":1,"minecraft:sculk_vein":3,"minecraft:obsidian":22,"minecraft:granite":2,"minecraft:budding_amethyst":2,"minecraft:grass_block":440,"minecraft:jungle_log":1,"graveyard:skull_on_pike":2,"minecraft:iron_ore":71,"minecraft:cobbled_deepslate":2,"minecraft:deepslate_lapis_ore":4,"minecraft:dirt_path":32,"minecraft:oak_stairs":43,"minecraft:deepslate_redstone_ore":16,"minecraft:smoker":6,"minecraft:amethyst_cluster":5,"minecraft:torch":23,"minecraft:calcite":60,"minecraft:melon":5,"minecraft:chest":3,"minecraft:wither_skeleton_wall_skull":1,"minecraft:cobblestone":79,"graveyard:skeleton_hand":2,"minecraft:sugar_cane":30,"minecraft:oak_planks":30,"minecraft:damaged_anvil":1,"minecraft:wall_torch":13,"minecraft:amethyst_block":47,"minecraft:wheat":30,"minecraft:tnt":1,"minecraft:black_bed":2,"graveyard:skull_pile":1,"minecraft:grass":143,"graveyard:creeper_skeleton":1,"minecraft:oak_log":74,"minecraft:dark_oak_sapling":4,"minecraft:sand":110,"minecraft:dirt":433,"minecraft:smooth_basalt":3,"graveyard:small_cyan_urn":1,"minecraft:oak_leaves":10,"minecraft:deepslate":121,"graveyard:torso_pile":2,"minecraft:diamond_ore":2,"minecraft:tuff":10,"minecraft:mossy_cobblestone":18,"minecraft:deepslate_diamond_ore":50,"minecraft:jungle_planks":1,"travelersbackpack:white_sleeping_bag":1,"minecraft:moss_block":7,"minecraft:large_fern":1,"minecraft:redstone_ore":1,"minecraft:furnace":12,"minecraft:carrots":18,"minecraft:andesite":14,"treechop:chopped_log":26,"minecraft:potatoes":17,"minecraft:deepslate_iron_ore":56,"minecraft:vine":3,"minecraft:stripped_jungle_log":1,"minecraft:stripped_oak_log":5,"minecraft:stone":366,"minecraft:oak_slab":1,"minecraft:glass_pane":1,"minecraft:dandelion":1,"minecraft:oak_fence":4,"minecraft:crafting_table":10,"minecraft:oak_wood":13,"minecraft:tall_grass":14,"minecraft:deepslate_gold_ore":18,"minecraft:sculk":65,"minecraft:diorite":6,"minecraft:redstone_torch":4,"minecraft:yellow_bed":1,"minecraft:coal_ore":175,"minecraft:gravel":28,"minecraft:cobweb":44,"minecraft:chipped_anvil":2,"minecraft:gold_ore":10},"minecraft:picked_up":{"minecraft:iron_chestplate":1,"minecraft:wheat":32,"minecraft:lead":3,"minecraft:diamond_sword":1,"minecraft:oak_stairs":43,"minecraft:amethyst_block":45,"minecraft:string":63,"minecraft:iron_leggings":1,"minecraft:cobbled_deepslate":151,"bosses_of_mass_destruction:soul_star":8,"minecraft:redstone_torch":5,"minecraft:calcite":59,"minecraft:iron_pickaxe":3,"minecraft:melon_slice":23,"minecraft:iron_boots":2,"minecraft:furnace":12,"minecraft:stick":50,"minecraft:oak_fence":6,"minecraft:torch":105,"minecraft:porkchop":64,"minecraft:diorite":6,"minecraft:rotten_flesh":88,"minecraft:tropical_fish":4,"minecraft:obsidian":20,"minecraft:cobblestone":738,"minecraft:mossy_cobblestone_slab":1,"minecraft:feather":17,"minecraft:andesite":13,"minecraft:jungle_log":17,"minecraft:black_bed":2,"minecraft:brown_wool":1,"minecraft:smoker":6,"minecraft:potato":71,"minecraft:flint":5,"minecraft:tuff":17,"minecraft:wither_skeleton_skull":1,"travelersbackpack:gold_tier_upgrade":1,"minecraft:lapis_lazuli":23,"minecraft:dirt":911,"minecraft:bone":90,"minecraft:glass":2,"minecraft:chipped_anvil":2,"minecraft:bow":6,"minecraft:wheat_seeds":127,"minecraft:raw_gold":27,"minecraft:glowstone_dust":2,"minecraft:moss_block":4,"minecraft:oak_planks":49,"graveyard:bone_dagger":1,"minecraft:jungle_planks":1,"minecraft:sand":110,"minecraft:grass_block":1,"minecraft:dark_oak_log":10,"minecraft:mossy_cobblestone":15,"travelersbackpack:white_sleeping_bag":1,"minecraft:diamond":51,"minecraft:granite":2,"minecraft:bread":112,"minecraft:oak_sapling":57,"minecraft:diamond_pickaxe":1,"minecraft:cocoa_beans":9,"minecraft:crafting_table":10,"minecraft:chicken":20,"minecraft:shield":2,"minecraft:iron_axe":2,"minecraft:moss_carpet":2,"graveyard:corruption":7,"minecraft:beef":25,"minecraft:jungle_sapling":2,"minecraft:sugar_cane":68,"minecraft:chest":3,"minecraft:birch_sapling":2,"minecraft:egg":6,"minecraft:dark_oak_sapling":4,"minecraft:raw_iron":142,"graveyard:small_cyan_urn":1,"minecraft:redstone":79,"minecraft:carrot":65,"minecraft:tnt":1,"minecraft:arrow":72,"minecraft:gold_ingot":1,"minecraft:mutton":18,"minecraft:white_wool":10,"minecraft:rail":5,"minecraft:stripped_oak_log":5,"minecraft:glow_ink_sac":5,"minecraft:salmon":3,"minecraft:leather":13,"minecraft:oak_log":335,"minecraft:yellow_bed":1,"minecraft:gunpowder":6,"minecraft:apple":4,"minecraft:spore_blossom":1,"minecraft:iron_ingot":20,"minecraft:iron_sword":2,"minecraft:oak_slab":1,"minecraft:smooth_basalt":3,"minecraft:dandelion":1,"minecraft:gravel":21,"minecraft:amethyst_shard":20,"minecraft:spider_eye":9,"minecraft:stripped_jungle_log":1,"minecraft:oak_wood":13,"minecraft:slime_ball":2,"minecraft:iron_helmet":1,"minecraft:damaged_anvil":1,"minecraft:black_wool":1,"minecraft:coal":271,"minecraft:ender_pearl":2},"minecraft:crafted":{"minecraft:oak_planks":396,"minecraft:cooked_chicken":18,"minecraft:diamond_shovel":1,"minecraft:cooked_mutton":18,"minecraft:glass":25,"minecraft:diamond_helmet":1,"minecraft:diamond_leggings":2,"minecraft:bow":1,"minecraft:iron_boots":1,"minecraft:chest":4,"minecraft:smoker":2,"travelersbackpack:iron_tier_upgrade":2,"minecraft:cooked_porkchop":51,"minecraft:crafting_table":3,"travelersbackpack:standard":1,"minecraft:iron_helmet":1,"minecraft:wooden_pickaxe":1,"minecraft:baked_potato":34,"minecraft:smithing_table":1,"minecraft:oak_wood":39,"minecraft:iron_chestplate":1,"minecraft:diamond_pickaxe":1,"minecraft:shield":2,"minecraft:stick":40,"minecraft:iron_ingot":159,"minecraft:iron_pickaxe":1,"minecraft:stone_sword":1,"minecraft:gold_ingot":29,"minecraft:furnace":2,"minecraft:bone_meal":195,"travelersbackpack:blank_upgrade":4,"travelersbackpack:gold_tier_upgrade":1,"travelersbackpack:white_sleeping_bag":1,"minecraft:iron_axe":2,"minecraft:iron_hoe":1,"minecraft:stone_pickaxe":1,"minecraft:diamond_boots":1,"minecraft:cooked_beef":25,"minecraft:diamond_sword":1,"travelersbackpack:backpack_tank":4,"minecraft:iron_sword":1,"minecraft:cooked_salmon":2,"minecraft:bucket":2,"minecraft:stone_axe":1,"minecraft:air":0,"minecraft:jungle_planks":68,"minecraft:oak_stairs":184,"minecraft:iron_leggings":1,"minecraft:torch":240,"minecraft:diamond_chestplate":2},"minecraft:broken":{"minecraft:stone_pickaxe":1,"minecraft:stone_axe":1,"minecraft:iron_sword":1,"minecraft:shield":1,"minecraft:iron_axe":1,"minecraft:iron_pickaxe":1},"minecraft:killed":{"minecraft:cave_spider":8,"minecraft:witch":1,"graveyard:skeleton_creeper":3,"minecraft:spider":19,"minecraft:skeleton":60,"minecraft:chicken":21,"minecraft:pig":32,"minecraft:salmon":4,"minecraft:creeper":5,"minecraft:sheep":12,"minecraft:zombie":89,"minecraft:cow":12,"graveyard:nightmare":3,"minecraft:slime":2,"graveyard:ghoul":18,"minecraft:player":1,"minecraft:enderman":1},"minecraft:dropped":{"minecraft:iron_sword":2,"minecraft:moss_block":4,"minecraft:cooked_beef":4,"minecraft:baked_potato":11,"minecraft:glow_ink_sac":5,"minecraft:crafting_table":1,"minecraft:cooked_porkchop":20,"minecraft:black_bed":1,"minecraft:leather":5,"travelersbackpack:iron_tier_upgrade":1,"travelersbackpack:standard":1,"graveyard:corruption":2,"minecraft:dirt":3,"minecraft:dark_oak_log":10,"minecraft:iron_pickaxe":3,"minecraft:white_wool":1,"minecraft:bone":25,"minecraft:cooked_chicken":9,"minecraft:cobbled_deepslate":5,"minecraft:rotten_flesh":55,"minecraft:oak_planks":16,"minecraft:cooked_mutton":4,"minecraft:salmon":1,"bosses_of_mass_destruction:soul_star":3,"travelersbackpack:gold_tier_upgrade":1,"minecraft:arrow":22,"minecraft:egg":1,"minecraft:bread":112,"minecraft:wheat_seeds":2,"minecraft:mossy_cobblestone":3,"minecraft:diamond_leggings":1,"minecraft:feather":1,"minecraft:oak_fence":2,"minecraft:iron_helmet":1,"minecraft:cobblestone":159,"minecraft:granite":1,"graveyard:bone_dagger":1,"minecraft:coal":29,"minecraft:stick":9,"minecraft:torch":52,"minecraft:melon_slice":6,"minecraft:iron_leggings":1,"minecraft:iron_axe":3,"minecraft:string":8,"minecraft:moss_carpet":2,"minecraft:stone_sword":1,"minecraft:tuff":2,"minecraft:raw_iron":14,"minecraft:iron_boots":1,"minecraft:diamond_sword":1,"minecraft:shield":2,"minecraft:diamond_chestplate":1,"minecraft:iron_chestplate":1,"minecraft:diamond_pickaxe":1,"minecraft:andesite":2,"minecraft:redstone_torch":3,"minecraft:spider_eye":7,"minecraft:bow":4,"minecraft:wooden_pickaxe":1}},"DataVersion":3465}