{"stats":{"minecraft:killed":{"minecraft:cave_spider":8,"minecraft:witch":1,"graveyard:skeleton_creeper":3,"graveyard:nightmare":3,"minecraft:spider":19,"minecraft:slime":2,"minecraft:skeleton":58,"minecraft:chicken":19,"minecraft:pig":28,"graveyard:ghoul":15,"minecraft:salmon":4,"minecraft:creeper":5,"minecraft:sheep":9,"minecraft:zombie":83,"minecraft:player":1,"minecraft:enderman":1,"minecraft:cow":12},"minecraft:dropped":{"minecraft:bread":112,"minecraft:iron_sword":2,"minecraft:moss_block":4,"minecraft:wheat_seeds":2,"minecraft:cooked_beef":4,"minecraft:glow_ink_sac":5,"minecraft:mossy_cobblestone":3,"minecraft:crafting_table":1,"minecraft:cooked_porkchop":11,"minecraft:diamond_leggings":1,"minecraft:iron_helmet":1,"minecraft:oak_fence":2,"minecraft:feather":1,"minecraft:cobblestone":159,"minecraft:black_bed":1,"minecraft:leather":5,"minecraft:granite":1,"travelersbackpack:iron_tier_upgrade":1,"travelersbackpack:standard":1,"minecraft:coal":29,"graveyard:corruption":1,"minecraft:stick":9,"minecraft:dirt":3,"minecraft:dark_oak_log":10,"minecraft:torch":52,"minecraft:melon_slice":6,"minecraft:iron_leggings":1,"minecraft:iron_axe":3,"minecraft:iron_pickaxe":3,"minecraft:string":8,"minecraft:white_wool":1,"minecraft:bone":1,"minecraft:moss_carpet":2,"minecraft:cooked_chicken":9,"minecraft:stone_sword":1,"minecraft:cobbled_deepslate":5,"minecraft:tuff":2,"minecraft:raw_iron":14,"minecraft:rotten_flesh":55,"minecraft:oak_planks":16,"minecraft:iron_boots":1,"minecraft:cooked_mutton":4,"minecraft:salmon":1,"bosses_of_mass_destruction:soul_star":1,"minecraft:diamond_sword":1,"travelersbackpack:gold_tier_upgrade":1,"minecraft:shield":2,"minecraft:diamond_chestplate":1,"minecraft:diamond_pickaxe":1,"minecraft:iron_chestplate":1,"minecraft:andesite":2,"minecraft:redstone_torch":3,"minecraft:spider_eye":7,"minecraft:arrow":22,"minecraft:bow":4,"minecraft:wooden_pickaxe":1,"minecraft:egg":1},"minecraft:custom":{"minecraft:interact_with_smithing_table":5,"minecraft:mob_kills":279,"minecraft:interact_with_crafting_table":57,"minecraft:open_barrel":12,"minecraft:bell_ring":13,"minecraft:time_since_death":407281,"minecraft:climb_one_cm":716,"minecraft:sprint_one_cm":1091917,"minecraft:walk_one_cm":1031667,"minecraft:damage_blocked_by_shield":3785,"minecraft:drop":116,"minecraft:talked_to_villager":5,"minecraft:play_time":407281,"minecraft:sneak_time":24117,"minecraft:walk_under_water_one_cm":38322,"minecraft:jump":7251,"minecraft:walk_on_water_one_cm":76708,"minecraft:total_world_time":407281,"minecraft:interact_with_furnace":77,"minecraft:sleep_in_bed":10,"minecraft:time_since_rest":58121,"minecraft:damage_taken":6405,"minecraft:damage_dealt":46484,"minecraft:crouch_one_cm":58351,"minecraft:player_kills":1,"minecraft:swim_one_cm":56968,"minecraft:open_chest":85,"minecraft:fly_one_cm":1122350,"minecraft:fall_one_cm":200693,"minecraft:interact_with_smoker":47},"minecraft:picked_up":{"minecraft:iron_chestplate":1,"minecraft:cocoa_beans":9,"minecraft:crafting_table":10,"minecraft:chicken":18,"minecraft:lead":3,"minecraft:diamond_sword":1,"minecraft:oak_stairs":34,"minecraft:amethyst_block":45,"minecraft:shield":2,"minecraft:string":63,"minecraft:moss_carpet":2,"minecraft:iron_axe":2,"minecraft:iron_leggings":1,"graveyard:corruption":6,"minecraft:cobbled_deepslate":151,"bosses_of_mass_destruction:soul_star":6,"minecraft:calcite":59,"minecraft:beef":25,"minecraft:redstone_torch":5,"minecraft:jungle_sapling":2,"minecraft:iron_pickaxe":3,"minecraft:melon_slice":23,"minecraft:sugar_cane":32,"minecraft:chest":3,"minecraft:birch_sapling":2,"minecraft:iron_boots":2,"minecraft:furnace":12,"minecraft:egg":5,"minecraft:raw_iron":134,"minecraft:stick":43,"minecraft:oak_fence":6,"minecraft:torch":77,"minecraft:porkchop":55,"minecraft:diorite":3,"minecraft:carrot":2,"minecraft:redstone":79,"minecraft:tnt":1,"minecraft:arrow":70,"minecraft:rotten_flesh":76,"minecraft:tropical_fish":4,"minecraft:gold_ingot":1,"minecraft:obsidian":20,"minecraft:mutton":13,"minecraft:white_wool":7,"minecraft:rail":5,"minecraft:cobblestone":515,"minecraft:stripped_oak_log":5,"minecraft:mossy_cobblestone_slab":1,"minecraft:feather":12,"minecraft:jungle_log":17,"minecraft:glow_ink_sac":5,"minecraft:salmon":3,"minecraft:andesite":3,"minecraft:leather":13,"minecraft:black_bed":2,"minecraft:brown_wool":1,"minecraft:smoker":6,"minecraft:potato":1,"minecraft:tuff":17,"minecraft:oak_log":311,"minecraft:lapis_lazuli":23,"minecraft:gunpowder":6,"travelersbackpack:gold_tier_upgrade":1,"minecraft:dirt":23,"minecraft:glass":2,"minecraft:bone":59,"minecraft:chipped_anvil":2,"minecraft:apple":4,"minecraft:bow":6,"minecraft:wheat_seeds":4,"minecraft:raw_gold":27,"minecraft:spore_blossom":1,"minecraft:iron_ingot":20,"minecraft:glowstone_dust":2,"minecraft:moss_block":4,"minecraft:iron_sword":2,"minecraft:oak_planks":49,"minecraft:oak_slab":1,"minecraft:smooth_basalt":3,"minecraft:amethyst_shard":20,"minecraft:gravel":4,"minecraft:sand":27,"minecraft:jungle_planks":1,"minecraft:dark_oak_log":10,"minecraft:spider_eye":9,"minecraft:mossy_cobblestone":14,"travelersbackpack:white_sleeping_bag":1,"minecraft:stripped_jungle_log":1,"minecraft:oak_wood":13,"minecraft:slime_ball":2,"minecraft:diamond":51,"minecraft:iron_helmet":1,"minecraft:granite":2,"minecraft:bread":112,"minecraft:oak_sapling":49,"minecraft:damaged_anvil":1,"minecraft:black_wool":1,"minecraft:coal":254,"minecraft:ender_pearl":1,"minecraft:diamond_pickaxe":1},"minecraft:crafted":{"minecraft:oak_planks":396,"minecraft:cooked_chicken":18,"minecraft:furnace":2,"travelersbackpack:gold_tier_upgrade":1,"travelersbackpack:blank_upgrade":4,"minecraft:cooked_mutton":13,"minecraft:glass":25,"travelersbackpack:white_sleeping_bag":1,"minecraft:diamond_helmet":1,"minecraft:bow":1,"minecraft:diamond_leggings":2,"minecraft:iron_boots":1,"minecraft:iron_axe":2,"minecraft:stone_pickaxe":1,"minecraft:chest":4,"minecraft:smoker":2,"minecraft:cooked_beef":25,"travelersbackpack:iron_tier_upgrade":2,"minecraft:diamond_sword":1,"minecraft:cooked_porkchop":43,"minecraft:crafting_table":3,"travelersbackpack:backpack_tank":4,"minecraft:iron_helmet":1,"minecraft:wooden_pickaxe":1,"travelersbackpack:standard":1,"minecraft:baked_potato":34,"minecraft:iron_sword":1,"minecraft:smithing_table":1,"minecraft:cooked_salmon":2,"minecraft:bucket":2,"minecraft:oak_wood":39,"minecraft:stone_axe":1,"minecraft:air":0,"minecraft:jungle_planks":68,"minecraft:iron_chestplate":1,"minecraft:diamond_pickaxe":1,"minecraft:shield":2,"minecraft:stick":32,"minecraft:iron_ingot":129,"minecraft:iron_pickaxe":1,"minecraft:oak_stairs":144,"minecraft:stone_sword":1,"minecraft:iron_leggings":1,"minecraft:gold_ingot":6,"minecraft:torch":196,"minecraft:diamond_chestplate":2},"minecraft:used":{"minecraft:stone_sword":130,"minecraft:chest":5,"minecraft:shield":124,"minecraft:iron_sword":256,"minecraft:cooked_salmon":2,"minecraft:cooked_chicken":8,"minecraft:torch":314,"minecraft:dirt":20,"minecraft:jungle_planks":52,"minecraft:axolotl_bucket":11,"minecraft:diamond_helmet":1,"minecraft:oak_wood":48,"minecraft:tuff":7,"minecraft:jungle_sapling":2,"minecraft:chipped_anvil":2,"minecraft:iron_axe":208,"minecraft:oak_stairs":178,"minecraft:iron_helmet":1,"minecraft:iron_boots":1,"minecraft:bow":29,"minecraft:oak_sapling":15,"minecraft:furnace":12,"minecraft:egg":4,"minecraft:cooked_beef":24,"minecraft:cobbled_deepslate":78,"minecraft:cooked_mutton":9,"minecraft:water_bucket":84,"minecraft:diorite":3,"minecraft:damaged_anvil":1,"minecraft:oak_planks":70,"minecraft:stone_pickaxe":131,"minecraft:wooden_pickaxe":8,"minecraft:sugar_cane":13,"minecraft:mossy_cobblestone":11,"minecraft:oak_slab":1,"minecraft:tnt":1,"minecraft:crafting_table":11,"bosses_of_mass_destruction:soul_star":3,"minecraft:black_bed":1,"minecraft:smoker":8,"minecraft:redstone_torch":1,"minecraft:oak_log":136,"minecraft:diamond_pickaxe":388,"minecraft:stripped_jungle_log":1,"minecraft:iron_pickaxe":474,"minecraft:melon_slice":17,"minecraft:bread":4,"travelersbackpack:white_sleeping_bag":1,"minecraft:spore_blossom":1,"minecraft:stone_axe":126,"minecraft:diamond_sword":521,"travelersbackpack:standard":15,"minecraft:cobblestone":330,"minecraft:smithing_table":1,"minecraft:cooked_porkchop":42,"minecraft:bucket":111,"minecraft:tropical_fish_bucket":1,"minecraft:stripped_oak_log":4},"minecraft:broken":{"minecraft:stone_pickaxe":1,"minecraft:shield":1,"minecraft:stone_axe":1,"minecraft:iron_sword":1,"minecraft:iron_pickaxe":1},"minecraft:mined":{"minecraft:diamond_ore":2,"minecraft:tuff":10,"minecraft:mossy_cobblestone":17,"minecraft:deepslate_diamond_ore":50,"minecraft:sculk_vein":3,"minecraft:budding_amethyst":2,"minecraft:obsidian":22,"minecraft:granite":2,"minecraft:grass_block":6,"minecraft:jungle_planks":1,"minecraft:jungle_log":1,"travelersbackpack:white_sleeping_bag":1,"minecraft:moss_block":7,"minecraft:large_fern":1,"minecraft:redstone_ore":1,"minecraft:furnace":12,"minecraft:iron_ore":71,"minecraft:cobbled_deepslate":2,"minecraft:andesite":3,"treechop:chopped_log":21,"minecraft:deepslate_lapis_ore":4,"minecraft:dirt_path":1,"minecraft:deepslate_iron_ore":48,"minecraft:vine":3,"minecraft:oak_stairs":34,"minecraft:stripped_oak_log":5,"minecraft:stripped_jungle_log":1,"minecraft:stone":152,"minecraft:deepslate_redstone_ore":16,"minecraft:oak_slab":1,"minecraft:glass_pane":1,"minecraft:smoker":6,"minecraft:amethyst_cluster":5,"minecraft:oak_fence":4,"minecraft:crafting_table":10,"minecraft:torch":10,"minecraft:calcite":60,"minecraft:oak_wood":13,"minecraft:melon":5,"minecraft:chest":3,"minecraft:tall_grass":2,"minecraft:cobblestone":74,"minecraft:amethyst_block":47,"minecraft:deepslate_gold_ore":18,"minecraft:damaged_anvil":1,"minecraft:oak_planks":30,"minecraft:sugar_cane":16,"minecraft:sculk":65,"minecraft:diorite":3,"minecraft:wall_torch":7,"minecraft:redstone_torch":4,"minecraft:black_bed":2,"minecraft:tnt":1,"graveyard:skull_pile":1,"minecraft:grass":28,"graveyard:creeper_skeleton":1,"minecraft:coal_ore":158,"minecraft:oak_log":74,"minecraft:gravel":5,"minecraft:dirt":11,"minecraft:sand":27,"minecraft:cobweb":44,"minecraft:smooth_basalt":3,"minecraft:gold_ore":10,"minecraft:chipped_anvil":2,"minecraft:oak_leaves":10,"minecraft:deepslate":121}},"DataVersion":3465}