{"stats":{"minecraft:mined":{"minecraft:mangrove_leaves":16},"minecraft:dropped":{"minecraft:mangrove_propagule":1},"minecraft:picked_up":{"minecraft:stick":3,"minecraft:mangrove_propagule":1},"minecraft:custom":{"minecraft:jump":87,"minecraft:time_since_rest":15878,"minecraft:crouch_one_cm":1124,"minecraft:leave_game":2,"minecraft:play_time":15878,"minecraft:sprint_one_cm":1269,"minecraft:damage_taken":10,"minecraft:time_since_death":15878,"minecraft:walk_one_cm":13946,"minecraft:sneak_time":601,"minecraft:total_world_time":15878,"minecraft:climb_one_cm":2738,"minecraft:fall_one_cm":1914,"minecraft:drop":1,"minecraft:fly_one_cm":1046}},"DataVersion":3465}