{"stats":{"minecraft:custom":{"minecraft:mob_kills":84,"minecraft:interact_with_crafting_table":37,"minecraft:open_barrel":8,"minecraft:leave_game":3,"minecraft:time_since_death":215683,"minecraft:climb_one_cm":4568,"minecraft:sprint_one_cm":633164,"minecraft:walk_one_cm":574660,"minecraft:damage_blocked_by_shield":1910,"minecraft:drop":52,"minecraft:talked_to_villager":3,"minecraft:play_time":215683,"minecraft:sneak_time":5639,"minecraft:walk_under_water_one_cm":13265,"minecraft:jump":3105,"minecraft:walk_on_water_one_cm":30255,"minecraft:total_world_time":215683,"minecraft:interact_with_furnace":59,"minecraft:tune_noteblock":1,"minecraft:sleep_in_bed":8,"minecraft:time_since_rest":50029,"minecraft:damage_taken":2494,"minecraft:damage_dealt":10930,"minecraft:swim_one_cm":44690,"minecraft:fly_one_cm":435424,"minecraft:open_chest":49,"minecraft:crouch_one_cm":11723,"minecraft:interact_with_smoker":11,"minecraft:fall_one_cm":81250},"minecraft:dropped":{"minecraft:iron_ingot":19,"minecraft:iron_sword":1,"minecraft:wheat_seeds":2,"minecraft:cooked_beef":1,"minecraft:oak_log":129,"minecraft:mangrove_propagule":1,"minecraft:cobblestone":133,"minecraft:diorite":1,"minecraft:iron_pickaxe":1,"minecraft:raw_copper":6,"minecraft:light_gray_wool":1,"travelersbackpack:gold_tier_upgrade":1,"minecraft:andesite":3,"minecraft:spruce_log":3},"minecraft:killed":{"minecraft:spider":1,"minecraft:skeleton":12,"minecraft:chicken":2,"minecraft:pig":10,"graveyard:ghoul":3,"minecraft:wandering_trader":1,"minecraft:squid":2,"minecraft:sheep":21,"minecraft:trader_llama":2,"minecraft:zombie":12,"minecraft:enderman":1,"minecraft:cow":15},"minecraft:used":{"minecraft:stone_sword":22,"minecraft:oak_sign":3,"minecraft:chest":5,"minecraft:shield":73,"minecraft:iron_sword":216,"minecraft:cooked_chicken":4,"minecraft:rotten_flesh":8,"minecraft:iron_chestplate":1,"minecraft:torch":40,"minecraft:iron_axe":103,"minecraft:iron_helmet":1,"minecraft:iron_boots":1,"graveyard:mossy_cobblestone_gravestone":1,"minecraft:mangrove_roots":5,"minecraft:oak_sapling":41,"minecraft:furnace":7,"minecraft:cooked_beef":9,"minecraft:cobbled_deepslate":199,"minecraft:iron_leggings":1,"minecraft:dark_oak_sapling":4,"minecraft:cooked_mutton":6,"minecraft:stone_pickaxe":149,"minecraft:oak_planks":100,"minecraft:wooden_pickaxe":44,"minecraft:crafting_table":5,"minecraft:black_bed":7,"minecraft:oak_log":12,"minecraft:apple":4,"minecraft:bread":16,"minecraft:iron_pickaxe":732,"minecraft:polished_andesite_slab":1,"minecraft:stone_axe":119,"minecraft:nether_wart_block":1,"minecraft:cobblestone":38,"minecraft:cooked_porkchop":8,"minecraft:andesite":1},"minecraft:broken":{"minecraft:stone_pickaxe":1,"minecraft:stone_axe":1,"minecraft:iron_pickaxe":2},"minecraft:crafted":{"minecraft:oak_planks":188,"minecraft:oak_sign":3,"minecraft:furnace":6,"minecraft:cooked_mutton":37,"minecraft:bow":1,"minecraft:stone_pickaxe":2,"minecraft:chest":5,"minecraft:wheat":382,"minecraft:cooked_beef":21,"minecraft:cooked_porkchop":36,"minecraft:crafting_table":5,"minecraft:spruce_planks":12,"minecraft:wooden_pickaxe":1,"minecraft:iron_sword":2,"minecraft:stone_axe":1,"minecraft:bread":129,"minecraft:air":0,"minecraft:diamond_pickaxe":1,"minecraft:shield":2,"minecraft:stick":8,"minecraft:iron_ingot":45,"minecraft:iron_pickaxe":6,"minecraft:stone_sword":1,"minecraft:torch":94},"minecraft:mined":{"minecraft:tuff":10,"minecraft:mossy_cobblestone":2,"minecraft:deepslate_diamond_ore":11,"minecraft:mangrove_roots":5,"minecraft:glow_lichen":2,"minecraft:cave_vines_plant":1,"minecraft:polished_andesite_slab":1,"minecraft:moss_block":7,"minecraft:large_fern":1,"minecraft:hay_block":44,"minecraft:spore_blossom":1,"minecraft:tall_seagrass":2,"minecraft:redstone_ore":2,"minecraft:furnace":1,"minecraft:iron_ore":60,"minecraft:cobbled_deepslate":3,"minecraft:andesite":7,"minecraft:moss_carpet":1,"treechop:chopped_log":27,"minecraft:deepslate_iron_ore":20,"minecraft:stone":387,"minecraft:glass_pane":1,"minecraft:torch":3,"minecraft:andesite_slab":1,"minecraft:tall_grass":4,"minecraft:copper_ore":2,"minecraft:cobblestone":21,"minecraft:deepslate_coal_ore":2,"minecraft:lapis_ore":11,"minecraft:deepslate_gold_ore":4,"minecraft:sugar_cane":8,"minecraft:oak_planks":4,"minecraft:diorite":17,"minecraft:wall_torch":1,"minecraft:deepslate_copper_ore":1,"graveyard:mossy_cobblestone_gravestone":1,"minecraft:nether_wart_block":1,"minecraft:spruce_log":3,"minecraft:black_bed":6,"minecraft:mangrove_leaves":16,"minecraft:grass":14,"minecraft:oak_log":9,"minecraft:coal_ore":73,"minecraft:gravel":1,"graveyard:leaning_skeleton":1,"minecraft:dirt":1,"minecraft:oak_leaves":3,"minecraft:deepslate":273},"minecraft:picked_up":{"minecraft:wheat":5,"minecraft:lead":2,"minecraft:moss_carpet":5,"minecraft:string":3,"minecraft:raw_copper":8,"minecraft:iron_axe":1,"minecraft:armor_stand":1,"minecraft:cobbled_deepslate":247,"minecraft:beef":20,"minecraft:light_gray_wool":2,"minecraft:sugar_cane":16,"minecraft:birch_sapling":3,"minecraft:furnace":1,"minecraft:dark_oak_sapling":4,"minecraft:stick":68,"minecraft:raw_iron":79,"minecraft:torch":7,"minecraft:porkchop":24,"minecraft:diorite":16,"minecraft:redstone":10,"minecraft:arrow":19,"minecraft:rotten_flesh":22,"minecraft:hay_block":57,"minecraft:mangrove_roots":5,"minecraft:mutton":37,"minecraft:cobblestone":411,"minecraft:white_wool":18,"minecraft:feather":3,"minecraft:iron_door":1,"minecraft:andesite":7,"minecraft:salmon":1,"minecraft:black_bed":7,"minecraft:leather":15,"minecraft:oak_log":188,"minecraft:nether_wart_block":1,"minecraft:lapis_lazuli":73,"minecraft:dirt":1,"minecraft:cooked_mutton":4,"minecraft:bone":13,"minecraft:apple":9,"minecraft:bow":2,"minecraft:wheat_seeds":3,"minecraft:cooked_chicken":4,"minecraft:polished_andesite_slab":1,"minecraft:oak_planks":4,"minecraft:iron_sword":1,"minecraft:cooked_porkchop":6,"graveyard:mossy_cobblestone_gravestone":1,"minecraft:spruce_sapling":1,"minecraft:ink_sac":3,"minecraft:spruce_log":6,"minecraft:dark_oak_log":55,"minecraft:mossy_cobblestone":2,"minecraft:diamond":11,"minecraft:stone_axe":1,"minecraft:gray_wool":2,"minecraft:coal":74,"minecraft:oak_sapling":76,"minecraft:mangrove_propagule":1,"minecraft:black_wool":1,"minecraft:andesite_slab":2}},"DataVersion":3465}