{"stats":{"minecraft:killed":{"minecraft:pig":5,"minecraft:spider":1,"minecraft:skeleton":9,"minecraft:sheep":3,"minecraft:zombie":8,"minecraft:enderman":1,"minecraft:cow":1},"minecraft:used":{"minecraft:cooked_mutton":6,"minecraft:stone_sword":22,"minecraft:stone_pickaxe":149,"minecraft:shield":48,"minecraft:chest":1,"minecraft:wooden_pickaxe":44,"minecraft:iron_sword":67,"minecraft:cooked_chicken":4,"minecraft:rotten_flesh":8,"minecraft:iron_chestplate":1,"minecraft:torch":24,"minecraft:crafting_table":3,"minecraft:black_bed":3,"minecraft:oak_log":2,"minecraft:apple":3,"minecraft:bread":6,"minecraft:iron_pickaxe":405,"minecraft:iron_helmet":1,"minecraft:iron_boots":1,"minecraft:stone_axe":78,"minecraft:nether_wart_block":1,"minecraft:cobblestone":6,"minecraft:mangrove_roots":5,"minecraft:oak_sapling":2,"minecraft:furnace":4,"minecraft:cooked_porkchop":4,"minecraft:andesite":1,"minecraft:cooked_beef":1,"minecraft:cobbled_deepslate":150,"minecraft:iron_leggings":1},"minecraft:broken":{"minecraft:stone_pickaxe":1,"minecraft:iron_pickaxe":1},"minecraft:mined":{"minecraft:tuff":10,"minecraft:deepslate_diamond_ore":11,"minecraft:mangrove_roots":5,"minecraft:cave_vines_plant":1,"minecraft:glow_lichen":2,"minecraft:copper_ore":2,"minecraft:cobblestone":1,"minecraft:deepslate_coal_ore":2,"minecraft:deepslate_gold_ore":4,"minecraft:lapis_ore":11,"minecraft:moss_block":7,"minecraft:diorite":16,"minecraft:deepslate_copper_ore":1,"minecraft:spore_blossom":1,"minecraft:redstone_ore":2,"minecraft:furnace":1,"minecraft:nether_wart_block":1,"minecraft:iron_ore":46,"minecraft:cobbled_deepslate":2,"minecraft:spruce_log":3,"treechop:chopped_log":9,"minecraft:andesite":2,"minecraft:moss_carpet":1,"minecraft:black_bed":4,"minecraft:mangrove_leaves":16,"minecraft:grass":2,"minecraft:oak_log":2,"minecraft:coal_ore":64,"minecraft:deepslate_iron_ore":20,"minecraft:gravel":1,"graveyard:leaning_skeleton":1,"minecraft:stone":121,"minecraft:oak_leaves":1,"minecraft:deepslate":273},"minecraft:picked_up":{"minecraft:salmon":1,"minecraft:iron_door":1,"minecraft:andesite":4,"minecraft:black_bed":4,"minecraft:oak_log":72,"minecraft:nether_wart_block":1,"minecraft:lapis_lazuli":73,"minecraft:string":1,"minecraft:moss_carpet":5,"minecraft:raw_copper":8,"minecraft:cooked_mutton":4,"minecraft:armor_stand":1,"minecraft:bone":12,"minecraft:apple":4,"minecraft:cobbled_deepslate":246,"minecraft:beef":1,"minecraft:cooked_chicken":4,"minecraft:birch_sapling":3,"minecraft:furnace":1,"minecraft:stick":31,"minecraft:raw_iron":66,"minecraft:cooked_porkchop":6,"minecraft:porkchop":11,"minecraft:redstone":10,"minecraft:spruce_sapling":1,"minecraft:diorite":15,"minecraft:spruce_log":6,"minecraft:arrow":15,"minecraft:rotten_flesh":11,"minecraft:diamond":11,"minecraft:mangrove_roots":5,"minecraft:oak_sapling":27,"minecraft:coal":66,"minecraft:mutton":6,"minecraft:mangrove_propagule":1,"minecraft:white_wool":4,"minecraft:cobblestone":121},"minecraft:custom":{"minecraft:interact_with_furnace":21,"minecraft:mob_kills":29,"minecraft:interact_with_crafting_table":22,"minecraft:tune_noteblock":1,"minecraft:open_barrel":8,"minecraft:leave_game":3,"minecraft:time_since_death":117732,"minecraft:sleep_in_bed":3,"minecraft:climb_one_cm":4568,"minecraft:time_since_rest":3683,"minecraft:sprint_one_cm":213110,"minecraft:damage_taken":1801,"minecraft:walk_one_cm":335941,"minecraft:damage_blocked_by_shield":1140,"minecraft:drop":9,"minecraft:damage_dealt":4715,"minecraft:swim_one_cm":28377,"minecraft:fly_one_cm":115344,"minecraft:open_chest":15,"minecraft:crouch_one_cm":5780,"minecraft:play_time":117732,"minecraft:sneak_time":2644,"minecraft:walk_under_water_one_cm":9995,"minecraft:jump":1425,"minecraft:walk_on_water_one_cm":16628,"minecraft:interact_with_smoker":3,"minecraft:total_world_time":117732,"minecraft:fall_one_cm":36024},"minecraft:dropped":{"minecraft:iron_ingot":19,"minecraft:cooked_beef":1,"minecraft:oak_log":23,"minecraft:mangrove_propagule":1,"minecraft:diorite":1,"minecraft:spruce_log":3,"minecraft:iron_pickaxe":1},"minecraft:crafted":{"minecraft:cooked_beef":2,"minecraft:oak_planks":24,"minecraft:crafting_table":3,"minecraft:spruce_planks":12,"minecraft:wooden_pickaxe":1,"minecraft:iron_sword":1,"minecraft:furnace":3,"minecraft:stone_axe":1,"minecraft:cooked_mutton":2,"minecraft:air":0,"minecraft:shield":1,"minecraft:stick":8,"minecraft:iron_ingot":41,"minecraft:iron_pickaxe":3,"minecraft:stone_pickaxe":2,"minecraft:stone_sword":1,"minecraft:chest":1,"minecraft:torch":32}},"DataVersion":3465}