{"stats":{"minecraft:killed":{"minecraft:pig":10,"graveyard:ghoul":1,"minecraft:spider":1,"minecraft:squid":2,"minecraft:skeleton":9,"minecraft:sheep":21,"minecraft:zombie":8,"minecraft:chicken":2,"minecraft:enderman":1,"minecraft:cow":13},"minecraft:used":{"minecraft:cooked_mutton":6,"minecraft:stone_sword":22,"minecraft:stone_pickaxe":149,"minecraft:shield":57,"minecraft:chest":1,"minecraft:wooden_pickaxe":44,"minecraft:iron_sword":165,"minecraft:cooked_chicken":4,"minecraft:rotten_flesh":8,"minecraft:iron_chestplate":1,"minecraft:torch":24,"minecraft:crafting_table":4,"minecraft:black_bed":4,"minecraft:oak_log":2,"minecraft:apple":4,"minecraft:bread":6,"minecraft:iron_pickaxe":410,"minecraft:iron_helmet":1,"minecraft:iron_boots":1,"minecraft:stone_axe":99,"minecraft:nether_wart_block":1,"minecraft:cobblestone":21,"minecraft:mangrove_roots":5,"minecraft:oak_sapling":8,"minecraft:furnace":7,"minecraft:cooked_porkchop":8,"minecraft:andesite":1,"minecraft:cooked_beef":1,"minecraft:cobbled_deepslate":165,"minecraft:iron_leggings":1,"minecraft:dark_oak_sapling":4},"minecraft:broken":{"minecraft:stone_pickaxe":1,"minecraft:iron_pickaxe":1},"minecraft:mined":{"minecraft:tuff":10,"minecraft:deepslate_diamond_ore":11,"minecraft:mangrove_roots":5,"minecraft:cave_vines_plant":1,"minecraft:glow_lichen":2,"minecraft:copper_ore":2,"minecraft:cobblestone":5,"minecraft:deepslate_coal_ore":2,"minecraft:deepslate_gold_ore":4,"minecraft:lapis_ore":11,"minecraft:moss_block":7,"minecraft:diorite":16,"minecraft:deepslate_copper_ore":1,"minecraft:tall_seagrass":1,"minecraft:spore_blossom":1,"minecraft:redstone_ore":2,"minecraft:furnace":1,"minecraft:nether_wart_block":1,"minecraft:iron_ore":46,"minecraft:cobbled_deepslate":3,"minecraft:spruce_log":3,"treechop:chopped_log":10,"minecraft:andesite":2,"minecraft:moss_carpet":1,"minecraft:black_bed":4,"minecraft:mangrove_leaves":16,"minecraft:grass":9,"minecraft:oak_log":2,"minecraft:coal_ore":64,"minecraft:deepslate_iron_ore":20,"minecraft:gravel":1,"graveyard:leaning_skeleton":1,"minecraft:stone":121,"minecraft:oak_leaves":2,"minecraft:deepslate":273},"minecraft:picked_up":{"minecraft:feather":3,"minecraft:salmon":1,"minecraft:iron_door":1,"minecraft:andesite":4,"minecraft:black_bed":4,"minecraft:leather":13,"minecraft:oak_log":72,"minecraft:nether_wart_block":1,"minecraft:lapis_lazuli":73,"minecraft:string":1,"minecraft:moss_carpet":5,"minecraft:raw_copper":8,"minecraft:cooked_mutton":4,"minecraft:armor_stand":1,"minecraft:bone":12,"minecraft:apple":5,"minecraft:cobbled_deepslate":247,"minecraft:beef":17,"minecraft:cooked_chicken":4,"minecraft:light_gray_wool":2,"minecraft:birch_sapling":3,"minecraft:iron_sword":1,"minecraft:furnace":1,"minecraft:dark_oak_sapling":4,"minecraft:stick":33,"minecraft:raw_iron":66,"minecraft:cooked_porkchop":6,"minecraft:ink_sac":3,"minecraft:porkchop":24,"minecraft:redstone":10,"minecraft:spruce_sapling":1,"minecraft:diorite":15,"minecraft:spruce_log":6,"minecraft:dark_oak_log":55,"minecraft:arrow":16,"minecraft:rotten_flesh":13,"minecraft:diamond":11,"minecraft:gray_wool":2,"minecraft:mangrove_roots":5,"minecraft:black_wool":1,"minecraft:oak_sapling":27,"minecraft:coal":66,"minecraft:mutton":37,"minecraft:mangrove_propagule":1,"minecraft:white_wool":18,"minecraft:cobblestone":125},"minecraft:custom":{"minecraft:interact_with_furnace":45,"minecraft:mob_kills":70,"minecraft:interact_with_crafting_table":27,"minecraft:tune_noteblock":1,"minecraft:open_barrel":8,"minecraft:leave_game":3,"minecraft:time_since_death":141732,"minecraft:sleep_in_bed":5,"minecraft:climb_one_cm":4568,"minecraft:time_since_rest":9637,"minecraft:sprint_one_cm":344578,"minecraft:damage_taken":1955,"minecraft:walk_one_cm":375413,"minecraft:damage_blocked_by_shield":1410,"minecraft:drop":13,"minecraft:damage_dealt":8493,"minecraft:swim_one_cm":39920,"minecraft:fly_one_cm":173281,"minecraft:open_chest":20,"minecraft:crouch_one_cm":5780,"minecraft:play_time":141732,"minecraft:sneak_time":2670,"minecraft:walk_under_water_one_cm":12865,"minecraft:jump":1757,"minecraft:walk_on_water_one_cm":23364,"minecraft:interact_with_smoker":3,"minecraft:total_world_time":141732,"minecraft:fall_one_cm":44447},"minecraft:dropped":{"minecraft:iron_ingot":19,"minecraft:iron_sword":1,"minecraft:cooked_beef":1,"minecraft:oak_log":23,"minecraft:mangrove_propagule":1,"minecraft:light_gray_wool":1,"travelersbackpack:gold_tier_upgrade":1,"minecraft:diorite":1,"minecraft:andesite":3,"minecraft:spruce_log":3,"minecraft:iron_pickaxe":1},"minecraft:crafted":{"minecraft:cooked_beef":18,"minecraft:oak_planks":28,"minecraft:cooked_porkchop":24,"minecraft:crafting_table":4,"minecraft:spruce_planks":12,"minecraft:wooden_pickaxe":1,"minecraft:iron_sword":1,"minecraft:furnace":6,"minecraft:stone_axe":1,"minecraft:cooked_mutton":37,"minecraft:air":0,"minecraft:shield":1,"minecraft:stick":8,"minecraft:iron_ingot":41,"minecraft:iron_pickaxe":3,"minecraft:stone_pickaxe":2,"minecraft:stone_sword":1,"minecraft:chest":1,"minecraft:torch":32}},"DataVersion":3465}