{"stats":{"minecraft:killed":{"minecraft:skeleton":3,"minecraft:sheep":1,"minecraft:zombie":5,"minecraft:cow":1},"minecraft:used":{"minecraft:cooked_mutton":2,"minecraft:stone_sword":22,"minecraft:stone_pickaxe":149,"minecraft:shield":2,"minecraft:chest":1,"minecraft:wooden_pickaxe":44,"minecraft:iron_sword":12,"minecraft:rotten_flesh":4,"minecraft:iron_chestplate":1,"minecraft:torch":19,"minecraft:crafting_table":3,"minecraft:black_bed":1,"minecraft:oak_log":2,"minecraft:apple":3,"minecraft:iron_pickaxe":15,"minecraft:iron_helmet":1,"minecraft:iron_boots":1,"minecraft:stone_axe":45,"minecraft:nether_wart_block":1,"minecraft:cobblestone":6,"minecraft:mangrove_roots":5,"minecraft:oak_sapling":2,"minecraft:furnace":4,"minecraft:andesite":1,"minecraft:cooked_beef":1,"minecraft:cobbled_deepslate":1,"minecraft:iron_leggings":1},"minecraft:broken":{"minecraft:stone_pickaxe":1},"minecraft:mined":{"minecraft:mangrove_roots":5,"minecraft:copper_ore":2,"minecraft:cobblestone":1,"minecraft:lapis_ore":3,"minecraft:diorite":14,"minecraft:deepslate_copper_ore":1,"minecraft:redstone_ore":2,"minecraft:furnace":1,"minecraft:nether_wart_block":1,"minecraft:iron_ore":29,"minecraft:spruce_log":3,"treechop:chopped_log":7,"minecraft:andesite":1,"minecraft:moss_carpet":1,"minecraft:black_bed":3,"minecraft:mangrove_leaves":16,"minecraft:grass":2,"minecraft:oak_log":2,"minecraft:coal_ore":32,"minecraft:deepslate_iron_ore":9,"graveyard:leaning_skeleton":1,"minecraft:stone":110,"minecraft:deepslate":3},"minecraft:dropped":{"minecraft:cooked_beef":1,"minecraft:mangrove_propagule":1,"minecraft:spruce_log":3},"minecraft:picked_up":{"minecraft:salmon":1,"minecraft:iron_door":1,"minecraft:andesite":1,"minecraft:black_bed":3,"minecraft:oak_log":54,"minecraft:nether_wart_block":1,"minecraft:lapis_lazuli":25,"minecraft:moss_carpet":5,"minecraft:raw_copper":8,"minecraft:armor_stand":1,"minecraft:bone":10,"minecraft:apple":3,"minecraft:cobbled_deepslate":4,"minecraft:beef":1,"minecraft:birch_sapling":3,"minecraft:furnace":1,"minecraft:stick":23,"minecraft:raw_iron":38,"minecraft:redstone":10,"minecraft:spruce_sapling":1,"minecraft:diorite":14,"minecraft:spruce_log":6,"minecraft:arrow":5,"minecraft:rotten_flesh":7,"minecraft:mangrove_roots":5,"minecraft:oak_sapling":21,"minecraft:coal":31,"minecraft:mutton":2,"minecraft:mangrove_propagule":1,"minecraft:white_wool":2,"minecraft:cobblestone":112},"minecraft:custom":{"minecraft:interact_with_furnace":11,"minecraft:mob_kills":11,"minecraft:interact_with_crafting_table":17,"minecraft:tune_noteblock":1,"minecraft:open_barrel":8,"minecraft:leave_game":3,"minecraft:time_since_death":57732,"minecraft:sleep_in_bed":1,"minecraft:climb_one_cm":4568,"minecraft:time_since_rest":18185,"minecraft:sprint_one_cm":85855,"minecraft:damage_taken":412,"minecraft:walk_one_cm":154241,"minecraft:damage_blocked_by_shield":60,"minecraft:drop":5,"minecraft:damage_dealt":1763,"minecraft:swim_one_cm":12406,"minecraft:fly_one_cm":55656,"minecraft:open_chest":6,"minecraft:crouch_one_cm":1691,"minecraft:play_time":57732,"minecraft:sneak_time":1013,"minecraft:walk_under_water_one_cm":4602,"minecraft:jump":510,"minecraft:walk_on_water_one_cm":9493,"minecraft:total_world_time":57732,"minecraft:fall_one_cm":15181},"minecraft:crafted":{"minecraft:cooked_beef":2,"minecraft:oak_planks":24,"minecraft:crafting_table":3,"minecraft:spruce_planks":12,"minecraft:wooden_pickaxe":1,"minecraft:iron_sword":1,"minecraft:furnace":3,"minecraft:stone_axe":1,"minecraft:cooked_mutton":2,"minecraft:air":0,"minecraft:shield":1,"minecraft:stick":4,"minecraft:iron_ingot":12,"minecraft:iron_pickaxe":3,"minecraft:stone_pickaxe":2,"minecraft:stone_sword":1,"minecraft:chest":1,"minecraft:torch":20}},"DataVersion":3465}