{"stats":{"minecraft:custom":{"minecraft:mob_kills":94,"minecraft:interact_with_crafting_table":37,"minecraft:open_barrel":8,"minecraft:leave_game":5,"minecraft:time_since_death":4577,"minecraft:climb_one_cm":5103,"minecraft:sprint_one_cm":695494,"minecraft:walk_one_cm":607791,"minecraft:damage_blocked_by_shield":2060,"minecraft:drop":54,"minecraft:talked_to_villager":4,"minecraft:play_time":233586,"minecraft:deaths":1,"minecraft:sneak_time":6183,"minecraft:walk_under_water_one_cm":16459,"minecraft:jump":3386,"minecraft:walk_on_water_one_cm":37342,"minecraft:total_world_time":233586,"minecraft:interact_with_furnace":59,"minecraft:tune_noteblock":1,"minecraft:sleep_in_bed":8,"minecraft:time_since_rest":4627,"minecraft:damage_taken":3240,"minecraft:damage_dealt":12793,"minecraft:swim_one_cm":62888,"minecraft:fly_one_cm":468635,"minecraft:open_chest":54,"minecraft:crouch_one_cm":12224,"minecraft:interact_with_smoker":11,"minecraft:fall_one_cm":89001},"minecraft:dropped":{"minecraft:iron_ingot":19,"minecraft:bread":1,"minecraft:iron_sword":1,"minecraft:wheat_seeds":3,"minecraft:cooked_beef":1,"minecraft:oak_log":129,"minecraft:mangrove_propagule":1,"minecraft:cobblestone":133,"minecraft:diorite":1,"minecraft:iron_pickaxe":1,"minecraft:raw_copper":6,"minecraft:light_gray_wool":1,"travelersbackpack:gold_tier_upgrade":1,"minecraft:andesite":3,"minecraft:spruce_log":3},"minecraft:killed":{"minecraft:spider":2,"minecraft:skeleton":13,"minecraft:chicken":2,"minecraft:pig":10,"graveyard:ghoul":4,"minecraft:wandering_trader":2,"minecraft:squid":2,"minecraft:sheep":21,"minecraft:trader_llama":4,"minecraft:zombie":16,"minecraft:enderman":1,"minecraft:cow":15},"minecraft:used":{"minecraft:stone_sword":22,"minecraft:oak_sign":3,"minecraft:chest":5,"minecraft:shield":78,"minecraft:iron_sword":261,"minecraft:cooked_chicken":4,"minecraft:rotten_flesh":8,"minecraft:iron_chestplate":1,"minecraft:torch":52,"minecraft:iron_axe":103,"minecraft:iron_helmet":1,"minecraft:iron_boots":1,"graveyard:mossy_cobblestone_gravestone":1,"minecraft:mangrove_roots":5,"minecraft:oak_sapling":41,"minecraft:furnace":7,"minecraft:cooked_beef":9,"minecraft:cobbled_deepslate":199,"minecraft:iron_leggings":1,"minecraft:dark_oak_sapling":4,"minecraft:cooked_mutton":6,"minecraft:stone_pickaxe":149,"minecraft:oak_planks":100,"minecraft:wooden_pickaxe":44,"minecraft:crafting_table":5,"minecraft:black_bed":7,"minecraft:oak_log":12,"minecraft:apple":4,"minecraft:bread":23,"minecraft:iron_pickaxe":797,"minecraft:polished_andesite_slab":1,"minecraft:stone_axe":119,"minecraft:nether_wart_block":1,"minecraft:cobblestone":49,"minecraft:cooked_porkchop":8,"minecraft:andesite":1},"minecraft:killed_by":{"minecraft:player":1},"minecraft:broken":{"minecraft:stone_pickaxe":1,"minecraft:stone_axe":1,"minecraft:iron_pickaxe":2},"minecraft:crafted":{"minecraft:oak_planks":188,"minecraft:oak_sign":3,"minecraft:furnace":6,"minecraft:cooked_mutton":37,"minecraft:bow":1,"minecraft:stone_pickaxe":2,"minecraft:chest":5,"minecraft:wheat":382,"minecraft:cooked_beef":21,"minecraft:cooked_porkchop":36,"minecraft:crafting_table":5,"minecraft:spruce_planks":12,"minecraft:wooden_pickaxe":1,"minecraft:iron_sword":2,"minecraft:stone_axe":1,"minecraft:bread":129,"minecraft:air":0,"minecraft:diamond_pickaxe":1,"minecraft:shield":2,"minecraft:stick":8,"minecraft:iron_ingot":45,"minecraft:iron_pickaxe":6,"minecraft:stone_sword":1,"minecraft:torch":94},"minecraft:mined":{"minecraft:tuff":10,"minecraft:mossy_cobblestone":2,"minecraft:deepslate_diamond_ore":11,"minecraft:mangrove_roots":5,"minecraft:glow_lichen":2,"minecraft:cave_vines_plant":1,"minecraft:grass_block":1,"minecraft:polished_andesite_slab":1,"minecraft:moss_block":7,"minecraft:large_fern":1,"minecraft:hay_block":44,"minecraft:spore_blossom":1,"minecraft:tall_seagrass":2,"minecraft:redstone_ore":2,"minecraft:furnace":1,"minecraft:iron_ore":74,"minecraft:cobbled_deepslate":3,"minecraft:andesite":7,"minecraft:moss_carpet":1,"treechop:chopped_log":27,"minecraft:deepslate_iron_ore":20,"minecraft:stone":423,"minecraft:glass_pane":1,"minecraft:torch":3,"minecraft:andesite_slab":1,"minecraft:tall_grass":8,"minecraft:copper_ore":2,"minecraft:cobblestone":22,"minecraft:deepslate_coal_ore":2,"minecraft:lapis_ore":11,"minecraft:deepslate_gold_ore":4,"minecraft:sugar_cane":8,"minecraft:oak_planks":4,"minecraft:diorite":17,"minecraft:wall_torch":1,"minecraft:deepslate_copper_ore":1,"graveyard:mossy_cobblestone_gravestone":1,"minecraft:nether_wart_block":1,"minecraft:spruce_log":3,"minecraft:black_bed":6,"minecraft:mangrove_leaves":16,"minecraft:grass":15,"minecraft:oak_log":9,"minecraft:coal_ore":87,"minecraft:gravel":1,"graveyard:leaning_skeleton":1,"minecraft:dirt":1,"minecraft:oak_leaves":3,"minecraft:deepslate":273},"minecraft:picked_up":{"minecraft:iron_chestplate":1,"minecraft:wheat":5,"minecraft:lead":4,"minecraft:shield":2,"minecraft:moss_carpet":5,"minecraft:string":3,"minecraft:raw_copper":8,"minecraft:iron_axe":2,"minecraft:iron_leggings":1,"minecraft:armor_stand":1,"graveyard:corruption":1,"minecraft:cobbled_deepslate":247,"minecraft:beef":20,"minecraft:iron_pickaxe":3,"minecraft:light_gray_wool":2,"minecraft:sugar_cane":16,"minecraft:birch_sapling":3,"minecraft:iron_boots":1,"minecraft:furnace":1,"minecraft:dark_oak_sapling":4,"minecraft:stick":77,"minecraft:raw_iron":107,"minecraft:torch":59,"minecraft:porkchop":24,"minecraft:diorite":16,"minecraft:redstone":10,"minecraft:arrow":44,"minecraft:rotten_flesh":22,"minecraft:hay_block":57,"minecraft:mangrove_roots":5,"minecraft:mutton":37,"minecraft:cobblestone":608,"minecraft:white_wool":18,"minecraft:feather":3,"minecraft:iron_door":1,"minecraft:andesite":7,"minecraft:salmon":1,"minecraft:black_bed":7,"minecraft:leather":21,"minecraft:oak_log":188,"minecraft:nether_wart_block":1,"minecraft:lapis_lazuli":73,"minecraft:dirt":1,"minecraft:cooked_mutton":4,"minecraft:bone":15,"minecraft:apple":9,"minecraft:bow":3,"minecraft:wheat_seeds":4,"minecraft:cooked_chicken":4,"minecraft:polished_andesite_slab":1,"minecraft:iron_sword":3,"minecraft:oak_planks":20,"minecraft:cooked_porkchop":6,"graveyard:mossy_cobblestone_gravestone":1,"minecraft:spruce_sapling":1,"minecraft:ink_sac":3,"minecraft:spruce_log":6,"minecraft:dark_oak_log":65,"minecraft:mossy_cobblestone":2,"minecraft:diamond":11,"minecraft:stone_axe":1,"minecraft:iron_helmet":1,"minecraft:gray_wool":2,"minecraft:bread":113,"minecraft:coal":118,"minecraft:oak_sapling":76,"minecraft:mangrove_propagule":1,"minecraft:black_wool":1,"minecraft:andesite_slab":2,"minecraft:diamond_pickaxe":1}},"DataVersion":3465}