{"stats":{"minecraft:killed":{"minecraft:spider":1,"minecraft:skeleton":9,"minecraft:sheep":1,"minecraft:zombie":7,"minecraft:enderman":1,"minecraft:cow":1},"minecraft:used":{"minecraft:cooked_mutton":4,"minecraft:stone_sword":22,"minecraft:stone_pickaxe":149,"minecraft:shield":48,"minecraft:chest":1,"minecraft:wooden_pickaxe":44,"minecraft:iron_sword":56,"minecraft:rotten_flesh":8,"minecraft:iron_chestplate":1,"minecraft:torch":20,"minecraft:crafting_table":3,"minecraft:black_bed":1,"minecraft:oak_log":2,"minecraft:apple":3,"minecraft:bread":6,"minecraft:iron_pickaxe":73,"minecraft:iron_helmet":1,"minecraft:iron_boots":1,"minecraft:stone_axe":49,"minecraft:nether_wart_block":1,"minecraft:cobblestone":6,"minecraft:mangrove_roots":5,"minecraft:oak_sapling":2,"minecraft:furnace":4,"minecraft:andesite":1,"minecraft:cooked_beef":1,"minecraft:cobbled_deepslate":28,"minecraft:iron_leggings":1},"minecraft:broken":{"minecraft:stone_pickaxe":1},"minecraft:mined":{"minecraft:deepslate_diamond_ore":2,"minecraft:mangrove_roots":5,"minecraft:copper_ore":2,"minecraft:cobblestone":1,"minecraft:deepslate_coal_ore":2,"minecraft:lapis_ore":11,"minecraft:diorite":14,"minecraft:deepslate_copper_ore":1,"minecraft:spore_blossom":1,"minecraft:redstone_ore":2,"minecraft:furnace":1,"minecraft:nether_wart_block":1,"minecraft:iron_ore":43,"minecraft:spruce_log":3,"treechop:chopped_log":7,"minecraft:andesite":2,"minecraft:moss_carpet":1,"minecraft:black_bed":3,"minecraft:mangrove_leaves":16,"minecraft:grass":2,"minecraft:oak_log":2,"minecraft:coal_ore":34,"minecraft:deepslate_iron_ore":12,"graveyard:leaning_skeleton":1,"minecraft:stone":115,"minecraft:deepslate":24},"minecraft:picked_up":{"minecraft:salmon":1,"minecraft:iron_door":1,"minecraft:andesite":4,"minecraft:black_bed":3,"minecraft:oak_log":54,"minecraft:nether_wart_block":1,"minecraft:lapis_lazuli":73,"minecraft:string":1,"minecraft:moss_carpet":5,"minecraft:raw_copper":8,"minecraft:cooked_mutton":4,"minecraft:armor_stand":1,"minecraft:bone":12,"minecraft:apple":3,"minecraft:cobbled_deepslate":33,"minecraft:beef":1,"minecraft:cooked_chicken":4,"minecraft:birch_sapling":3,"minecraft:furnace":1,"minecraft:stick":23,"minecraft:raw_iron":55,"minecraft:cooked_porkchop":6,"minecraft:redstone":10,"minecraft:spruce_sapling":1,"minecraft:diorite":14,"minecraft:spruce_log":6,"minecraft:arrow":15,"minecraft:rotten_flesh":9,"minecraft:diamond":2,"minecraft:mangrove_roots":5,"minecraft:oak_sapling":21,"minecraft:coal":34,"minecraft:mutton":2,"minecraft:mangrove_propagule":1,"minecraft:white_wool":2,"minecraft:cobblestone":117},"minecraft:custom":{"minecraft:interact_with_furnace":18,"minecraft:mob_kills":21,"minecraft:interact_with_crafting_table":20,"minecraft:tune_noteblock":1,"minecraft:open_barrel":8,"minecraft:leave_game":3,"minecraft:time_since_death":81732,"minecraft:sleep_in_bed":1,"minecraft:climb_one_cm":4568,"minecraft:time_since_rest":42185,"minecraft:sprint_one_cm":139892,"minecraft:damage_taken":785,"minecraft:walk_one_cm":244033,"minecraft:damage_blocked_by_shield":1140,"minecraft:drop":7,"minecraft:damage_dealt":3983,"minecraft:swim_one_cm":12406,"minecraft:fly_one_cm":78009,"minecraft:open_chest":12,"minecraft:crouch_one_cm":2665,"minecraft:play_time":81732,"minecraft:sneak_time":1266,"minecraft:walk_under_water_one_cm":4602,"minecraft:jump":851,"minecraft:walk_on_water_one_cm":11224,"minecraft:total_world_time":81732,"minecraft:fall_one_cm":21199},"minecraft:dropped":{"minecraft:iron_ingot":19,"minecraft:cooked_beef":1,"minecraft:oak_log":23,"minecraft:mangrove_propagule":1,"minecraft:spruce_log":3},"minecraft:crafted":{"minecraft:cooked_beef":2,"minecraft:oak_planks":24,"minecraft:crafting_table":3,"minecraft:spruce_planks":12,"minecraft:wooden_pickaxe":1,"minecraft:iron_sword":1,"minecraft:furnace":3,"minecraft:stone_axe":1,"minecraft:cooked_mutton":2,"minecraft:air":0,"minecraft:shield":1,"minecraft:stick":8,"minecraft:iron_ingot":40,"minecraft:iron_pickaxe":3,"minecraft:stone_pickaxe":2,"minecraft:stone_sword":1,"minecraft:chest":1,"minecraft:torch":32}},"DataVersion":3465}