{"stats":{"minecraft:custom":{"minecraft:interact_with_smithing_table":2,"minecraft:mob_kills":123,"minecraft:interact_with_crafting_table":40,"minecraft:open_barrel":8,"minecraft:leave_game":6,"minecraft:time_since_death":77990,"minecraft:climb_one_cm":5103,"minecraft:sprint_one_cm":1041660,"minecraft:walk_one_cm":720798,"minecraft:damage_blocked_by_shield":2825,"minecraft:drop":57,"minecraft:talked_to_villager":8,"minecraft:play_time":306999,"minecraft:sneak_time":10377,"minecraft:deaths":1,"minecraft:walk_under_water_one_cm":23057,"minecraft:jump":4920,"minecraft:walk_on_water_one_cm":60445,"minecraft:total_world_time":306999,"minecraft:interact_with_furnace":65,"minecraft:tune_noteblock":1,"minecraft:sleep_in_bed":10,"minecraft:time_since_rest":35570,"minecraft:damage_taken":4276,"minecraft:damage_dealt":18179,"minecraft:swim_one_cm":96060,"minecraft:fly_one_cm":707266,"minecraft:open_chest":64,"minecraft:crouch_one_cm":13538,"minecraft:interact_with_smoker":13,"minecraft:fall_one_cm":132240},"minecraft:used":{"minecraft:stone_sword":22,"minecraft:oak_sign":3,"minecraft:chest":5,"minecraft:shield":94,"minecraft:iron_sword":375,"minecraft:cooked_chicken":4,"minecraft:rotten_flesh":8,"minecraft:iron_chestplate":1,"minecraft:torch":99,"minecraft:iron_axe":107,"minecraft:iron_helmet":1,"minecraft:iron_boots":1,"graveyard:mossy_cobblestone_gravestone":1,"minecraft:bow":6,"minecraft:mangrove_roots":5,"minecraft:oak_sapling":41,"minecraft:furnace":7,"minecraft:cooked_beef":9,"minecraft:cobbled_deepslate":199,"minecraft:iron_leggings":1,"minecraft:dark_oak_sapling":4,"minecraft:cooked_mutton":6,"minecraft:water_bucket":19,"minecraft:stone_pickaxe":149,"minecraft:oak_planks":100,"minecraft:wooden_pickaxe":44,"minecraft:crafting_table":5,"bosses_of_mass_destruction:soul_star":1,"minecraft:black_bed":7,"minecraft:oak_log":12,"minecraft:apple":4,"minecraft:bread":56,"minecraft:iron_pickaxe":950,"minecraft:polished_andesite_slab":1,"minecraft:stone_axe":119,"minecraft:nether_wart_block":1,"minecraft:cobblestone":189,"travelersbackpack:standard":2,"minecraft:cooked_porkchop":8,"minecraft:andesite":1,"minecraft:bucket":30},"minecraft:killed_by":{"minecraft:player":1},"minecraft:mined":{"minecraft:tuff":11,"minecraft:mossy_cobblestone":2,"minecraft:deepslate_diamond_ore":23,"minecraft:mangrove_roots":5,"minecraft:glow_lichen":2,"minecraft:cave_vines_plant":1,"minecraft:granite":6,"minecraft:grass_block":1,"minecraft:polished_andesite_slab":1,"minecraft:moss_block":7,"minecraft:large_fern":1,"minecraft:hay_block":44,"minecraft:spore_blossom":1,"minecraft:tall_seagrass":2,"minecraft:redstone_ore":2,"minecraft:furnace":1,"minecraft:iron_ore":75,"minecraft:cobbled_deepslate":3,"minecraft:andesite":7,"minecraft:moss_carpet":1,"treechop:chopped_log":27,"minecraft:deepslate_iron_ore":50,"minecraft:stone":447,"minecraft:deepslate_redstone_ore":3,"minecraft:glass_pane":1,"minecraft:torch":3,"minecraft:andesite_slab":1,"minecraft:tall_grass":8,"minecraft:copper_ore":2,"minecraft:cobblestone":26,"minecraft:deepslate_coal_ore":2,"minecraft:lapis_ore":22,"minecraft:deepslate_gold_ore":23,"minecraft:sugar_cane":8,"minecraft:oak_planks":4,"minecraft:diorite":31,"minecraft:wall_torch":2,"minecraft:deepslate_copper_ore":1,"graveyard:mossy_cobblestone_gravestone":1,"minecraft:nether_wart_block":1,"minecraft:spruce_log":3,"minecraft:black_bed":6,"minecraft:mangrove_leaves":16,"minecraft:grass":15,"minecraft:oak_log":9,"minecraft:coal_ore":96,"minecraft:gravel":2,"graveyard:leaning_skeleton":1,"minecraft:dirt":3,"minecraft:oak_leaves":3,"minecraft:deepslate":288},"minecraft:picked_up":{"minecraft:iron_chestplate":1,"minecraft:crafting_table":1,"minecraft:wheat":5,"minecraft:lead":4,"minecraft:shield":2,"minecraft:moss_carpet":5,"minecraft:string":4,"minecraft:raw_copper":8,"minecraft:iron_axe":2,"minecraft:iron_leggings":1,"minecraft:armor_stand":1,"graveyard:corruption":3,"minecraft:diamond_leggings":1,"minecraft:cobbled_deepslate":265,"bosses_of_mass_destruction:soul_star":2,"minecraft:beef":21,"minecraft:light_gray_wool":2,"minecraft:iron_pickaxe":3,"minecraft:sugar_cane":16,"minecraft:birch_sapling":3,"minecraft:iron_boots":1,"minecraft:furnace":1,"minecraft:dark_oak_sapling":4,"minecraft:stick":77,"minecraft:raw_iron":134,"minecraft:torch":61,"travelersbackpack:iron_tier_upgrade":1,"minecraft:porkchop":24,"minecraft:diorite":29,"minecraft:redstone":23,"minecraft:arrow":49,"minecraft:diamond_chestplate":1,"minecraft:rotten_flesh":38,"minecraft:hay_block":57,"minecraft:mangrove_roots":5,"minecraft:mutton":37,"minecraft:cobblestone":641,"minecraft:white_wool":18,"minecraft:feather":3,"minecraft:iron_door":1,"minecraft:andesite":7,"minecraft:salmon":1,"minecraft:black_bed":7,"minecraft:leather":25,"minecraft:tuff":1,"minecraft:oak_log":188,"minecraft:nether_wart_block":1,"minecraft:gunpowder":1,"travelersbackpack:gold_tier_upgrade":1,"minecraft:lapis_lazuli":150,"minecraft:dirt":3,"minecraft:cooked_mutton":4,"minecraft:bone":24,"minecraft:apple":9,"minecraft:bow":3,"minecraft:wheat_seeds":4,"minecraft:raw_gold":19,"minecraft:cooked_chicken":4,"minecraft:polished_andesite_slab":1,"minecraft:iron_sword":4,"minecraft:oak_planks":20,"minecraft:cooked_porkchop":6,"minecraft:gravel":1,"minecraft:spruce_sapling":1,"graveyard:mossy_cobblestone_gravestone":1,"minecraft:ink_sac":3,"minecraft:spruce_log":6,"minecraft:dark_oak_log":65,"minecraft:mossy_cobblestone":2,"travelersbackpack:standard":1,"minecraft:diamond":23,"minecraft:stone_axe":1,"minecraft:iron_helmet":1,"minecraft:granite":6,"minecraft:gray_wool":2,"minecraft:bread":113,"minecraft:oak_sapling":76,"minecraft:mangrove_propagule":1,"minecraft:black_wool":1,"minecraft:coal":126,"minecraft:andesite_slab":2,"minecraft:diamond_pickaxe":1},"minecraft:crafted":{"minecraft:oak_planks":188,"minecraft:oak_sign":3,"minecraft:furnace":6,"minecraft:cooked_mutton":37,"minecraft:bow":1,"minecraft:stone_pickaxe":2,"minecraft:chest":5,"minecraft:wheat":382,"minecraft:cooked_beef":21,"minecraft:cooked_porkchop":36,"minecraft:crafting_table":5,"minecraft:spruce_planks":12,"minecraft:wooden_pickaxe":1,"travelersbackpack:standard":2,"minecraft:iron_sword":2,"minecraft:bucket":1,"minecraft:stone_axe":1,"minecraft:bread":129,"minecraft:air":0,"minecraft:diamond_pickaxe":1,"minecraft:shield":2,"minecraft:stick":8,"minecraft:iron_ingot":45,"minecraft:iron_pickaxe":6,"minecraft:stone_sword":1,"minecraft:torch":94},"minecraft:broken":{"minecraft:stone_pickaxe":1,"minecraft:stone_axe":1,"minecraft:iron_sword":1,"minecraft:iron_pickaxe":3},"minecraft:killed":{"minecraft:spider":2,"minecraft:skeleton":24,"minecraft:chicken":2,"minecraft:pig":10,"graveyard:ghoul":4,"minecraft:wandering_trader":2,"minecraft:creeper":1,"minecraft:squid":2,"minecraft:sheep":21,"minecraft:trader_llama":4,"minecraft:zombie":32,"minecraft:cow":16,"minecraft:enderman":1},"minecraft:dropped":{"minecraft:iron_ingot":19,"minecraft:bread":1,"minecraft:iron_sword":2,"minecraft:wheat_seeds":3,"minecraft:cooked_beef":1,"minecraft:oak_log":129,"minecraft:crafting_table":1,"minecraft:mangrove_propagule":1,"minecraft:cobblestone":133,"minecraft:diorite":1,"minecraft:torch":1,"minecraft:iron_pickaxe":1,"minecraft:raw_copper":6,"minecraft:light_gray_wool":1,"travelersbackpack:gold_tier_upgrade":1,"minecraft:andesite":3,"minecraft:spruce_log":3}},"DataVersion":3465}