{"stats":{"minecraft:custom":{"minecraft:interact_with_smithing_table":2,"minecraft:mob_kills":150,"minecraft:interact_with_crafting_table":61,"minecraft:open_barrel":8,"minecraft:leave_game":6,"minecraft:time_since_death":161990,"minecraft:climb_one_cm":5103,"minecraft:sprint_one_cm":1393943,"minecraft:walk_one_cm":930466,"minecraft:damage_blocked_by_shield":3073,"minecraft:drop":65,"minecraft:talked_to_villager":26,"minecraft:play_time":390999,"minecraft:sneak_time":10767,"minecraft:deaths":1,"minecraft:walk_under_water_one_cm":25968,"minecraft:jump":6460,"minecraft:walk_on_water_one_cm":63343,"minecraft:total_world_time":390999,"minecraft:interact_with_furnace":68,"minecraft:tune_noteblock":1,"minecraft:interact_with_stonecutter":2,"minecraft:sleep_in_bed":11,"minecraft:time_since_rest":22653,"minecraft:damage_taken":5158,"minecraft:damage_dealt":23060,"minecraft:swim_one_cm":98358,"minecraft:fly_one_cm":1044012,"minecraft:open_chest":121,"minecraft:crouch_one_cm":13811,"minecraft:interact_with_smoker":15,"minecraft:fall_one_cm":183329},"minecraft:used":{"minecraft:stone_sword":22,"minecraft:oak_sign":3,"minecraft:chest":5,"minecraft:shield":106,"minecraft:iron_sword":533,"minecraft:cooked_chicken":4,"minecraft:rotten_flesh":8,"minecraft:iron_chestplate":1,"minecraft:torch":107,"minecraft:carrot":18,"minecraft:iron_axe":223,"minecraft:oak_stairs":145,"minecraft:iron_helmet":1,"minecraft:iron_boots":1,"graveyard:mossy_cobblestone_gravestone":1,"minecraft:bow":6,"minecraft:mangrove_roots":5,"minecraft:oak_sapling":63,"minecraft:furnace":7,"minecraft:cooked_beef":9,"minecraft:cobbled_deepslate":204,"minecraft:iron_leggings":1,"minecraft:dark_oak_sapling":4,"minecraft:wheat_seeds":9,"minecraft:cooked_mutton":6,"minecraft:water_bucket":20,"minecraft:stone_pickaxe":149,"minecraft:oak_planks":100,"minecraft:wooden_pickaxe":44,"minecraft:sugar_cane":3,"minecraft:crafting_table":5,"bosses_of_mass_destruction:soul_star":1,"minecraft:black_bed":9,"minecraft:oak_log":12,"minecraft:apple":4,"minecraft:bread":88,"minecraft:iron_pickaxe":976,"minecraft:polished_andesite_slab":1,"minecraft:stone_axe":119,"minecraft:nether_wart_block":1,"minecraft:cobblestone":189,"travelersbackpack:standard":2,"minecraft:cooked_porkchop":8,"minecraft:andesite":1,"minecraft:bucket":31,"minecraft:bone_meal":9,"minecraft:dandelion":5},"minecraft:killed_by":{"minecraft:player":1},"minecraft:mined":{"minecraft:tuff":11,"minecraft:oak_sapling":3,"minecraft:mossy_cobblestone":2,"minecraft:deepslate_diamond_ore":23,"minecraft:mangrove_roots":5,"minecraft:glow_lichen":2,"minecraft:cave_vines_plant":1,"minecraft:granite":6,"minecraft:grass_block":3,"minecraft:polished_andesite_slab":1,"minecraft:moss_block":7,"minecraft:large_fern":1,"minecraft:hay_block":44,"minecraft:spore_blossom":1,"minecraft:tall_seagrass":2,"minecraft:redstone_ore":2,"minecraft:furnace":1,"minecraft:carrots":19,"minecraft:fire":18,"minecraft:iron_ore":85,"minecraft:cobbled_deepslate":4,"minecraft:andesite":7,"minecraft:moss_carpet":1,"treechop:chopped_log":42,"minecraft:dirt_path":2,"minecraft:deepslate_iron_ore":50,"minecraft:oak_stairs":10,"minecraft:stone":448,"minecraft:deepslate_redstone_ore":3,"minecraft:glass_pane":1,"minecraft:torch":4,"minecraft:andesite_slab":1,"minecraft:tall_grass":14,"minecraft:copper_ore":2,"minecraft:cobblestone":26,"minecraft:deepslate_coal_ore":2,"minecraft:lapis_ore":22,"minecraft:deepslate_gold_ore":23,"minecraft:sugar_cane":54,"minecraft:oak_planks":4,"minecraft:diorite":31,"minecraft:wall_torch":5,"minecraft:deepslate_copper_ore":1,"graveyard:mossy_cobblestone_gravestone":1,"minecraft:nether_wart_block":1,"minecraft:wheat":9,"minecraft:spruce_log":3,"minecraft:black_bed":6,"minecraft:mangrove_leaves":16,"minecraft:grass":29,"minecraft:oak_log":9,"minecraft:coal_ore":109,"minecraft:gravel":2,"graveyard:leaning_skeleton":1,"minecraft:dirt":4,"graveyard:bone_remains":1,"minecraft:oak_leaves":5,"minecraft:deepslate":288},"minecraft:picked_up":{"minecraft:iron_chestplate":1,"minecraft:crafting_table":1,"minecraft:wheat":14,"minecraft:lead":4,"minecraft:oak_stairs":10,"minecraft:shield":2,"minecraft:moss_carpet":5,"minecraft:string":4,"minecraft:raw_copper":8,"minecraft:iron_axe":2,"minecraft:iron_leggings":1,"minecraft:armor_stand":1,"graveyard:corruption":3,"minecraft:diamond_leggings":1,"minecraft:cobbled_deepslate":266,"bosses_of_mass_destruction:soul_star":2,"minecraft:beef":28,"minecraft:light_gray_wool":2,"minecraft:iron_pickaxe":3,"minecraft:sugar_cane":102,"minecraft:birch_sapling":4,"minecraft:tipped_arrow":1,"minecraft:iron_boots":1,"minecraft:furnace":1,"minecraft:dark_oak_sapling":4,"minecraft:stick":100,"minecraft:raw_iron":144,"minecraft:torch":66,"travelersbackpack:iron_tier_upgrade":1,"minecraft:porkchop":24,"minecraft:carrot":66,"minecraft:diorite":29,"minecraft:redstone":23,"minecraft:arrow":52,"minecraft:diamond_chestplate":1,"minecraft:rotten_flesh":40,"minecraft:hay_block":57,"minecraft:mangrove_roots":5,"minecraft:mutton":41,"minecraft:cobblestone":642,"minecraft:white_wool":22,"minecraft:feather":3,"minecraft:iron_door":1,"minecraft:andesite":7,"minecraft:salmon":1,"minecraft:black_bed":9,"minecraft:leather":33,"minecraft:tuff":1,"minecraft:oak_log":325,"minecraft:nether_wart_block":1,"minecraft:gunpowder":1,"travelersbackpack:gold_tier_upgrade":1,"minecraft:lapis_lazuli":150,"minecraft:dirt":99,"minecraft:cooked_mutton":4,"minecraft:bone":30,"minecraft:apple":13,"minecraft:bow":3,"minecraft:wheat_seeds":36,"minecraft:raw_gold":19,"minecraft:cooked_chicken":4,"minecraft:polished_andesite_slab":1,"minecraft:iron_sword":4,"minecraft:oak_planks":21,"minecraft:cooked_porkchop":6,"minecraft:dandelion":5,"minecraft:gravel":1,"minecraft:spruce_sapling":1,"graveyard:mossy_cobblestone_gravestone":1,"minecraft:ink_sac":3,"minecraft:spruce_log":6,"minecraft:dark_oak_log":65,"minecraft:spider_eye":1,"minecraft:mossy_cobblestone":2,"travelersbackpack:standard":1,"minecraft:diamond_shovel":1,"minecraft:diamond":23,"minecraft:stone_axe":1,"minecraft:iron_helmet":1,"minecraft:granite":6,"minecraft:bone_meal":72,"minecraft:gray_wool":2,"minecraft:bread":113,"minecraft:oak_sapling":126,"minecraft:mangrove_propagule":1,"minecraft:black_wool":1,"minecraft:coal":139,"minecraft:andesite_slab":2,"minecraft:diamond_pickaxe":1},"minecraft:crafted":{"minecraft:oak_planks":500,"minecraft:oak_sign":3,"minecraft:furnace":6,"minecraft:cooked_mutton":37,"minecraft:diamond_helmet":1,"minecraft:bow":1,"minecraft:stone_pickaxe":2,"minecraft:chest":5,"minecraft:diamond_boots":1,"minecraft:oak_fence":75,"minecraft:wheat":382,"minecraft:cooked_beef":21,"minecraft:sugar":40,"minecraft:diamond_sword":1,"minecraft:cooked_porkchop":36,"minecraft:crafting_table":5,"minecraft:spruce_planks":12,"minecraft:wooden_pickaxe":1,"travelersbackpack:standard":2,"minecraft:iron_sword":2,"minecraft:bucket":1,"minecraft:stone_axe":1,"minecraft:bread":129,"minecraft:air":0,"minecraft:oak_fence_gate":1,"minecraft:book":6,"minecraft:paper":18,"minecraft:diamond_pickaxe":2,"minecraft:shield":2,"minecraft:stick":72,"minecraft:iron_ingot":45,"minecraft:iron_pickaxe":6,"minecraft:oak_stairs":136,"minecraft:stone_sword":1,"minecraft:torch":94},"minecraft:broken":{"minecraft:stone_pickaxe":1,"minecraft:stone_axe":1,"minecraft:iron_sword":1,"minecraft:iron_pickaxe":3},"minecraft:killed":{"graveyard:revenant":1,"minecraft:spider":2,"creeperoverhaul:snowy_creeper":2,"minecraft:horse":5,"minecraft:skeleton":28,"minecraft:chicken":2,"minecraft:pig":10,"graveyard:ghoul":4,"minecraft:wandering_trader":2,"minecraft:creeper":1,"minecraft:squid":2,"minecraft:sheep":23,"minecraft:trader_llama":4,"minecraft:donkey":2,"minecraft:zombie":38,"minecraft:stray":1,"minecraft:cow":20,"minecraft:enderman":1},"minecraft:dropped":{"minecraft:iron_ingot":19,"minecraft:bread":1,"minecraft:iron_sword":2,"minecraft:wheat_seeds":4,"minecraft:cooked_beef":1,"minecraft:oak_log":129,"minecraft:crafting_table":1,"minecraft:oak_fence":75,"minecraft:mangrove_propagule":1,"minecraft:cobblestone":133,"minecraft:diorite":1,"minecraft:torch":2,"minecraft:bone_meal":63,"minecraft:sugar":40,"minecraft:iron_pickaxe":1,"minecraft:raw_copper":6,"minecraft:light_gray_wool":1,"minecraft:oak_planks":1,"travelersbackpack:gold_tier_upgrade":1,"minecraft:oak_fence_gate":1,"minecraft:andesite":3,"minecraft:spruce_log":3}},"DataVersion":3465}