{"stats":{"minecraft:killed":{"minecraft:skeleton":4,"minecraft:sheep":1,"minecraft:zombie":6,"minecraft:enderman":1,"minecraft:cow":1},"minecraft:used":{"minecraft:cooked_mutton":2,"minecraft:stone_sword":22,"minecraft:stone_pickaxe":149,"minecraft:shield":23,"minecraft:chest":1,"minecraft:wooden_pickaxe":44,"minecraft:iron_sword":27,"minecraft:rotten_flesh":8,"minecraft:iron_chestplate":1,"minecraft:torch":20,"minecraft:crafting_table":3,"minecraft:black_bed":1,"minecraft:oak_log":2,"minecraft:apple":3,"minecraft:bread":5,"minecraft:iron_pickaxe":57,"minecraft:iron_helmet":1,"minecraft:iron_boots":1,"minecraft:stone_axe":49,"minecraft:nether_wart_block":1,"minecraft:cobblestone":6,"minecraft:mangrove_roots":5,"minecraft:oak_sapling":2,"minecraft:furnace":4,"minecraft:andesite":1,"minecraft:cooked_beef":1,"minecraft:cobbled_deepslate":4,"minecraft:iron_leggings":1},"minecraft:broken":{"minecraft:stone_pickaxe":1},"minecraft:mined":{"minecraft:mangrove_roots":5,"minecraft:copper_ore":2,"minecraft:cobblestone":1,"minecraft:deepslate_coal_ore":2,"minecraft:lapis_ore":11,"minecraft:diorite":14,"minecraft:deepslate_copper_ore":1,"minecraft:redstone_ore":2,"minecraft:furnace":1,"minecraft:nether_wart_block":1,"minecraft:iron_ore":43,"minecraft:spruce_log":3,"treechop:chopped_log":7,"minecraft:andesite":2,"minecraft:moss_carpet":1,"minecraft:black_bed":3,"minecraft:mangrove_leaves":16,"minecraft:grass":2,"minecraft:oak_log":2,"minecraft:coal_ore":34,"minecraft:deepslate_iron_ore":10,"graveyard:leaning_skeleton":1,"minecraft:stone":115,"minecraft:deepslate":12},"minecraft:picked_up":{"minecraft:salmon":1,"minecraft:iron_door":1,"minecraft:andesite":3,"minecraft:black_bed":3,"minecraft:oak_log":54,"minecraft:nether_wart_block":1,"minecraft:lapis_lazuli":73,"minecraft:moss_carpet":5,"minecraft:raw_copper":8,"minecraft:cooked_mutton":4,"minecraft:armor_stand":1,"minecraft:bone":10,"minecraft:apple":3,"minecraft:cobbled_deepslate":18,"minecraft:beef":1,"minecraft:cooked_chicken":4,"minecraft:birch_sapling":3,"minecraft:furnace":1,"minecraft:stick":23,"minecraft:raw_iron":53,"minecraft:cooked_porkchop":6,"minecraft:redstone":10,"minecraft:spruce_sapling":1,"minecraft:diorite":14,"minecraft:spruce_log":6,"minecraft:arrow":6,"minecraft:rotten_flesh":8,"minecraft:mangrove_roots":5,"minecraft:oak_sapling":21,"minecraft:coal":34,"minecraft:mutton":2,"minecraft:mangrove_propagule":1,"minecraft:white_wool":2,"minecraft:cobblestone":117},"minecraft:custom":{"minecraft:interact_with_furnace":13,"minecraft:mob_kills":14,"minecraft:interact_with_crafting_table":17,"minecraft:tune_noteblock":1,"minecraft:open_barrel":8,"minecraft:leave_game":3,"minecraft:time_since_death":69732,"minecraft:sleep_in_bed":1,"minecraft:climb_one_cm":4568,"minecraft:time_since_rest":30185,"minecraft:sprint_one_cm":110061,"minecraft:damage_taken":662,"minecraft:walk_one_cm":198505,"minecraft:damage_blocked_by_shield":630,"minecraft:drop":7,"minecraft:damage_dealt":2622,"minecraft:swim_one_cm":12406,"minecraft:fly_one_cm":63950,"minecraft:open_chest":8,"minecraft:crouch_one_cm":1691,"minecraft:play_time":69732,"minecraft:sneak_time":1038,"minecraft:walk_under_water_one_cm":4602,"minecraft:jump":657,"minecraft:walk_on_water_one_cm":9946,"minecraft:total_world_time":69732,"minecraft:fall_one_cm":17869},"minecraft:dropped":{"minecraft:iron_ingot":19,"minecraft:cooked_beef":1,"minecraft:oak_log":23,"minecraft:mangrove_propagule":1,"minecraft:spruce_log":3},"minecraft:crafted":{"minecraft:cooked_beef":2,"minecraft:oak_planks":24,"minecraft:crafting_table":3,"minecraft:spruce_planks":12,"minecraft:wooden_pickaxe":1,"minecraft:iron_sword":1,"minecraft:furnace":3,"minecraft:stone_axe":1,"minecraft:cooked_mutton":2,"minecraft:air":0,"minecraft:shield":1,"minecraft:stick":4,"minecraft:iron_ingot":31,"minecraft:iron_pickaxe":3,"minecraft:stone_pickaxe":2,"minecraft:stone_sword":1,"minecraft:chest":1,"minecraft:torch":20}},"DataVersion":3465}