{"stats":{"minecraft:killed":{"minecraft:pig":10,"graveyard:ghoul":1,"minecraft:spider":1,"minecraft:skeleton":9,"minecraft:sheep":20,"minecraft:zombie":8,"minecraft:chicken":2,"minecraft:enderman":1,"minecraft:cow":13},"minecraft:used":{"minecraft:cooked_mutton":6,"minecraft:stone_sword":22,"minecraft:stone_pickaxe":149,"minecraft:shield":56,"minecraft:chest":1,"minecraft:wooden_pickaxe":44,"minecraft:iron_sword":153,"minecraft:cooked_chicken":4,"minecraft:rotten_flesh":8,"minecraft:iron_chestplate":1,"minecraft:torch":24,"minecraft:crafting_table":4,"minecraft:black_bed":4,"minecraft:oak_log":2,"minecraft:apple":4,"minecraft:bread":6,"minecraft:iron_pickaxe":405,"minecraft:iron_helmet":1,"minecraft:iron_boots":1,"minecraft:stone_axe":78,"minecraft:nether_wart_block":1,"minecraft:cobblestone":9,"minecraft:mangrove_roots":5,"minecraft:oak_sapling":2,"minecraft:furnace":7,"minecraft:cooked_porkchop":8,"minecraft:andesite":1,"minecraft:cooked_beef":1,"minecraft:cobbled_deepslate":150,"minecraft:iron_leggings":1},"minecraft:broken":{"minecraft:stone_pickaxe":1,"minecraft:iron_pickaxe":1},"minecraft:mined":{"minecraft:tuff":10,"minecraft:deepslate_diamond_ore":11,"minecraft:mangrove_roots":5,"minecraft:cave_vines_plant":1,"minecraft:glow_lichen":2,"minecraft:copper_ore":2,"minecraft:cobblestone":1,"minecraft:deepslate_coal_ore":2,"minecraft:deepslate_gold_ore":4,"minecraft:lapis_ore":11,"minecraft:moss_block":7,"minecraft:diorite":16,"minecraft:deepslate_copper_ore":1,"minecraft:spore_blossom":1,"minecraft:redstone_ore":2,"minecraft:furnace":1,"minecraft:nether_wart_block":1,"minecraft:iron_ore":46,"minecraft:cobbled_deepslate":2,"minecraft:spruce_log":3,"treechop:chopped_log":9,"minecraft:andesite":2,"minecraft:moss_carpet":1,"minecraft:black_bed":4,"minecraft:mangrove_leaves":16,"minecraft:grass":7,"minecraft:oak_log":2,"minecraft:coal_ore":64,"minecraft:deepslate_iron_ore":20,"minecraft:gravel":1,"graveyard:leaning_skeleton":1,"minecraft:stone":121,"minecraft:oak_leaves":2,"minecraft:deepslate":273},"minecraft:picked_up":{"minecraft:feather":3,"minecraft:salmon":1,"minecraft:iron_door":1,"minecraft:andesite":4,"minecraft:black_bed":4,"minecraft:leather":13,"minecraft:oak_log":72,"minecraft:nether_wart_block":1,"minecraft:lapis_lazuli":73,"minecraft:string":1,"minecraft:moss_carpet":5,"minecraft:raw_copper":8,"minecraft:cooked_mutton":4,"minecraft:armor_stand":1,"minecraft:bone":12,"minecraft:apple":4,"minecraft:cobbled_deepslate":246,"minecraft:beef":17,"minecraft:cooked_chicken":4,"minecraft:light_gray_wool":1,"minecraft:birch_sapling":3,"minecraft:iron_sword":1,"minecraft:furnace":1,"minecraft:stick":31,"minecraft:raw_iron":66,"minecraft:cooked_porkchop":6,"minecraft:porkchop":24,"minecraft:redstone":10,"minecraft:spruce_sapling":1,"minecraft:diorite":15,"minecraft:spruce_log":6,"minecraft:arrow":15,"minecraft:rotten_flesh":13,"minecraft:diamond":11,"minecraft:gray_wool":1,"minecraft:mangrove_roots":5,"minecraft:black_wool":1,"minecraft:oak_sapling":27,"minecraft:coal":66,"minecraft:mutton":35,"minecraft:mangrove_propagule":1,"minecraft:white_wool":18,"minecraft:cobblestone":121},"minecraft:custom":{"minecraft:interact_with_furnace":26,"minecraft:mob_kills":66,"minecraft:interact_with_crafting_table":24,"minecraft:tune_noteblock":1,"minecraft:open_barrel":8,"minecraft:leave_game":3,"minecraft:time_since_death":129732,"minecraft:sleep_in_bed":4,"minecraft:climb_one_cm":4568,"minecraft:time_since_rest":0,"minecraft:sprint_one_cm":301974,"minecraft:damage_taken":1935,"minecraft:walk_one_cm":360765,"minecraft:damage_blocked_by_shield":1380,"minecraft:drop":12,"minecraft:damage_dealt":7987,"minecraft:swim_one_cm":35269,"minecraft:fly_one_cm":159249,"minecraft:open_chest":15,"minecraft:crouch_one_cm":5780,"minecraft:play_time":129732,"minecraft:sneak_time":2670,"minecraft:walk_under_water_one_cm":11580,"minecraft:jump":1666,"minecraft:walk_on_water_one_cm":21139,"minecraft:interact_with_smoker":3,"minecraft:total_world_time":129732,"minecraft:fall_one_cm":42183},"minecraft:dropped":{"minecraft:iron_ingot":19,"minecraft:iron_sword":1,"minecraft:cooked_beef":1,"minecraft:oak_log":23,"minecraft:mangrove_propagule":1,"minecraft:light_gray_wool":1,"minecraft:diorite":1,"minecraft:andesite":3,"minecraft:spruce_log":3,"minecraft:iron_pickaxe":1},"minecraft:crafted":{"minecraft:cooked_beef":2,"minecraft:oak_planks":28,"minecraft:cooked_porkchop":2,"minecraft:crafting_table":4,"minecraft:spruce_planks":12,"minecraft:wooden_pickaxe":1,"minecraft:iron_sword":1,"minecraft:furnace":6,"minecraft:stone_axe":1,"minecraft:cooked_mutton":2,"minecraft:air":0,"minecraft:shield":1,"minecraft:stick":8,"minecraft:iron_ingot":41,"minecraft:iron_pickaxe":3,"minecraft:stone_pickaxe":2,"minecraft:stone_sword":1,"minecraft:chest":1,"minecraft:torch":32}},"DataVersion":3465}