{"stats":{"minecraft:killed":{"minecraft:salmon":7,"minecraft:zombie":1,"minecraft:cow":3},"minecraft:used":{"minecraft:leather_leggings":1,"minecraft:stone_pickaxe":33,"minecraft:mangrove_planks":11,"minecraft:leather_chestplate":1,"minecraft:wooden_pickaxe":9,"minecraft:cooked_salmon":2,"minecraft:leather_boots":1,"minecraft:salmon":1,"minecraft:dirt":1,"minecraft:crafting_table":5,"minecraft:jungle_planks":59,"minecraft:note_block":1,"minecraft:jungle_sapling":2,"minecraft:mud":1,"minecraft:wooden_axe":2,"minecraft:melon_slice":6,"minecraft:iron_pickaxe":11,"minecraft:stone_axe":45,"minecraft:mangrove_roots":1,"minecraft:furnace":1,"minecraft:cooked_beef":1},"minecraft:mined":{"minecraft:mangrove_roots":2,"minecraft:crafting_table":3,"minecraft:note_block":1,"graveyard:tg_grass_block":1,"minecraft:spruce_leaves":5,"minecraft:sugar_cane":4,"minecraft:moss_block":2,"minecraft:skeleton_skull":1,"graveyard:wither_skull_with_rib_cage":1,"minecraft:tall_seagrass":1,"graveyard:wither_skeleton_hand":1,"graveyard:vase_block":1,"graveyard:skull_with_rib_cage":1,"minecraft:furnace":1,"minecraft:mud":1,"minecraft:iron_ore":9,"graveyard:leaning_wither_skeleton":1,"minecraft:andesite":1,"treechop:chopped_log":6,"minecraft:mangrove_leaves":32,"graveyard:skull_pile":1,"minecraft:grass":2,"minecraft:coal_ore":17,"minecraft:deepslate_iron_ore":1,"minecraft:vine":4,"graveyard:leaning_skeleton":1,"minecraft:polished_blackstone":3,"minecraft:stone":14,"minecraft:fern":1},"minecraft:killed_by":{"graveyard:acolyte":1},"minecraft:dropped":{"minecraft:mangrove_roots":1,"minecraft:cocoa_beans":8,"minecraft:mangrove_propagule":2,"minecraft:mangrove_planks":1,"minecraft:wooden_axe":1,"minecraft:magenta_dye":2,"minecraft:wooden_pickaxe":1,"minecraft:bone":20},"minecraft:custom":{"minecraft:interact_with_furnace":20,"minecraft:mob_kills":11,"minecraft:tune_noteblock":6,"minecraft:interact_with_crafting_table":14,"minecraft:open_barrel":6,"minecraft:time_since_death":24391,"minecraft:climb_one_cm":6476,"minecraft:time_since_rest":24436,"minecraft:sprint_one_cm":83902,"minecraft:damage_taken":3072,"minecraft:walk_one_cm":112169,"minecraft:drop":17,"minecraft:damage_dealt":660,"minecraft:play_noteblock":1,"minecraft:swim_one_cm":22326,"minecraft:fly_one_cm":86639,"minecraft:open_chest":7,"minecraft:crouch_one_cm":12724,"minecraft:play_time":47722,"minecraft:deaths":2,"minecraft:sneak_time":4339,"minecraft:walk_under_water_one_cm":11681,"minecraft:jump":639,"minecraft:walk_on_water_one_cm":7691,"minecraft:total_world_time":47722,"minecraft:fall_one_cm":23669},"minecraft:picked_up":{"minecraft:mud":1,"minecraft:cocoa_beans":8,"minecraft:crafting_table":3,"minecraft:cooked_beef":1,"minecraft:salmon":7,"minecraft:jungle_log":65,"minecraft:leather":5,"minecraft:magenta_dye":1,"minecraft:moss_carpet":3,"minecraft:dirt":1,"minecraft:bone":44,"minecraft:beef":6,"minecraft:jungle_sapling":2,"minecraft:melon_slice":6,"minecraft:sugar_cane":10,"minecraft:mangrove_planks":7,"minecraft:mangrove_log":3,"minecraft:furnace":1,"minecraft:raw_iron":10,"minecraft:stick":4,"minecraft:note_block":1,"minecraft:jungle_planks":4,"minecraft:amethyst_shard":4,"minecraft:spruce_log":6,"minecraft:stripped_jungle_log":1,"minecraft:tnt":1,"minecraft:bone_meal":2,"minecraft:mangrove_roots":2,"minecraft:polished_blackstone":3,"minecraft:skeleton_skull":1,"minecraft:mangrove_propagule":3,"minecraft:coal":17,"minecraft:cobblestone":17},"minecraft:crafted":{"minecraft:cooked_beef":5,"minecraft:crafting_table":3,"minecraft:spruce_planks":24,"minecraft:wooden_pickaxe":2,"minecraft:furnace":1,"minecraft:cooked_salmon":5,"minecraft:mangrove_planks":12,"minecraft:stone_axe":1,"minecraft:air":0,"minecraft:jungle_planks":264,"minecraft:stick":12,"minecraft:iron_ingot":9,"minecraft:iron_pickaxe":1,"minecraft:stone_pickaxe":1,"minecraft:wooden_axe":2,"minecraft:magenta_dye":1}},"DataVersion":3465}