{"stats":{"minecraft:custom":{"minecraft:interact_with_smithing_table":1,"minecraft:mob_kills":62,"minecraft:interact_with_crafting_table":45,"minecraft:open_barrel":10,"minecraft:leave_game":3,"minecraft:time_since_death":172982,"minecraft:climb_one_cm":6476,"minecraft:sprint_one_cm":509922,"minecraft:walk_one_cm":487213,"minecraft:damage_blocked_by_shield":670,"minecraft:drop":83,"minecraft:play_noteblock":1,"minecraft:talked_to_villager":4,"minecraft:play_time":196313,"minecraft:sneak_time":13787,"minecraft:deaths":2,"minecraft:walk_under_water_one_cm":26085,"minecraft:boat_one_cm":27516,"minecraft:jump":3867,"minecraft:walk_on_water_one_cm":39612,"minecraft:total_world_time":196313,"minecraft:interact_with_furnace":93,"minecraft:tune_noteblock":6,"minecraft:interact_with_stonecutter":4,"minecraft:sleep_in_bed":9,"minecraft:time_since_rest":966,"minecraft:damage_taken":5416,"minecraft:damage_dealt":10431,"minecraft:swim_one_cm":32907,"minecraft:fly_one_cm":597873,"minecraft:open_chest":48,"minecraft:crouch_one_cm":35632,"minecraft:interact_with_smoker":13,"minecraft:fall_one_cm":111786},"minecraft:used":{"minecraft:moss_block":3,"minecraft:armor_stand":2,"minecraft:shield":18,"minecraft:cooked_salmon":7,"minecraft:cooked_chicken":5,"graveyard:oak_coffin":2,"minecraft:iron_chestplate":1,"minecraft:torch":2,"minecraft:dirt":1,"minecraft:jungle_planks":186,"minecraft:tuff":9,"minecraft:dark_oak_planks":16,"minecraft:jungle_sapling":2,"minecraft:wooden_axe":2,"minecraft:iron_helmet":1,"minecraft:iron_boots":1,"minecraft:mangrove_roots":1,"minecraft:furnace":6,"minecraft:egg":1,"minecraft:cooked_beef":10,"minecraft:cobbled_deepslate":139,"minecraft:iron_leggings":2,"minecraft:dark_oak_sapling":4,"minecraft:wheat_seeds":6,"minecraft:water_bucket":13,"minecraft:leather_leggings":1,"minecraft:diamond_boots":1,"minecraft:wither_skeleton_skull":3,"minecraft:baked_potato":3,"minecraft:mangrove_planks":11,"minecraft:stone_pickaxe":103,"minecraft:wooden_pickaxe":9,"minecraft:leather_chestplate":1,"minecraft:stonecutter":1,"minecraft:sugar_cane":10,"minecraft:leather_boots":1,"minecraft:diamond_axe":139,"minecraft:jungle_boat":1,"minecraft:salmon":1,"graveyard:bone_dagger":28,"minecraft:crafting_table":16,"minecraft:note_block":1,"minecraft:black_bed":5,"minecraft:oak_log":4,"minecraft:mud":1,"minecraft:apple":2,"minecraft:melon_slice":6,"minecraft:iron_pickaxe":206,"minecraft:gravel":5,"minecraft:soul_lantern":2,"minecraft:stone_axe":80,"minecraft:cooked_porkchop":19,"minecraft:bucket":14,"minecraft:diamond_leggings":1},"minecraft:killed_by":{"graveyard:acolyte":1},"minecraft:mined":{"minecraft:tuff":1,"minecraft:mossy_cobblestone":5,"minecraft:deepslate_diamond_ore":28,"minecraft:mangrove_roots":2,"minecraft:cobbled_deepslate_slab":1,"minecraft:jungle_planks":2,"minecraft:polished_andesite_slab":1,"minecraft:spruce_leaves":6,"minecraft:moss_block":6,"minecraft:large_fern":1,"graveyard:wither_skull_with_rib_cage":1,"minecraft:tall_seagrass":1,"minecraft:mossy_cobblestone_slab":1,"minecraft:furnace":5,"minecraft:iron_ore":28,"minecraft:cobbled_deepslate":2,"graveyard:leaning_wither_skeleton":2,"minecraft:andesite":1,"minecraft:moss_carpet":1,"treechop:chopped_log":10,"minecraft:dirt_path":1,"minecraft:polished_deepslate_slab":2,"minecraft:deepslate_iron_ore":27,"minecraft:vine":4,"minecraft:black_candle":4,"minecraft:stone":18,"minecraft:soul_lantern":2,"minecraft:crafting_table":12,"minecraft:note_block":1,"minecraft:andesite_slab":1,"minecraft:wither_skeleton_wall_skull":1,"minecraft:tall_grass":2,"graveyard:tg_grass_block":1,"minecraft:cobblestone":1,"minecraft:sugar_cane":4,"minecraft:skeleton_skull":1,"graveyard:oak_coffin":2,"graveyard:wither_skeleton_hand":1,"graveyard:vase_block":1,"graveyard:skull_with_rib_cage":1,"minecraft:mud":1,"minecraft:birch_leaves":1,"minecraft:black_bed":5,"minecraft:mangrove_leaves":32,"graveyard:skull_pile":2,"minecraft:grass":4,"minecraft:coal_ore":22,"minecraft:sand":15,"minecraft:gravel":5,"graveyard:leaning_skeleton":2,"minecraft:wither_skeleton_skull":2,"minecraft:polished_blackstone":3,"minecraft:deepslate":132,"minecraft:oak_leaves":1,"minecraft:fern":3},"minecraft:picked_up":{"minecraft:mud":1,"minecraft:cocoa_beans":8,"minecraft:crafting_table":12,"minecraft:chicken":1,"minecraft:lead":2,"minecraft:string":1,"minecraft:moss_carpet":5,"graveyard:corruption":1,"minecraft:cobbled_deepslate":159,"bosses_of_mass_destruction:soul_star":1,"minecraft:beef":11,"minecraft:jungle_sapling":2,"minecraft:melon_slice":6,"minecraft:sugar_cane":10,"minecraft:furnace":5,"minecraft:mangrove_log":3,"minecraft:iron_boots":1,"minecraft:egg":1,"minecraft:dark_oak_sapling":8,"minecraft:stick":32,"minecraft:raw_iron":57,"minecraft:torch":3,"minecraft:note_block":1,"minecraft:porkchop":8,"minecraft:diorite":2,"minecraft:tnt":1,"minecraft:arrow":5,"minecraft:rotten_flesh":5,"minecraft:mangrove_roots":2,"minecraft:polished_blackstone":3,"minecraft:mutton":2,"minecraft:bone_block":1,"minecraft:skeleton_skull":1,"minecraft:white_wool":1,"minecraft:cobblestone":21,"minecraft:mossy_cobblestone_slab":2,"minecraft:jungle_boat":1,"minecraft:feather":6,"minecraft:cooked_beef":5,"minecraft:glow_ink_sac":1,"minecraft:salmon":7,"minecraft:jungle_log":65,"minecraft:black_bed":5,"minecraft:leather":9,"minecraft:magenta_dye":1,"minecraft:flint":1,"minecraft:tuff":9,"minecraft:oak_log":36,"minecraft:gunpowder":5,"minecraft:wither_skeleton_skull":3,"minecraft:dirt":2,"minecraft:bone":66,"minecraft:apple":2,"minecraft:bow":1,"minecraft:wheat_seeds":10,"minecraft:raw_gold":3,"minecraft:spore_blossom":2,"minecraft:iron_ingot":3,"minecraft:cooked_chicken":5,"minecraft:moss_block":5,"minecraft:mangrove_planks":7,"minecraft:black_candle":12,"minecraft:cooked_porkchop":14,"graveyard:bone_dagger":1,"minecraft:gravel":5,"minecraft:sand":15,"minecraft:jungle_planks":7,"minecraft:amethyst_shard":4,"minecraft:spruce_log":6,"minecraft:dark_oak_log":27,"minecraft:spider_eye":1,"minecraft:mossy_cobblestone":3,"minecraft:stripped_jungle_log":1,"graveyard:oak_coffin":3,"minecraft:diamond":28,"minecraft:soul_lantern":2,"minecraft:bone_meal":11,"minecraft:baked_potato":11,"minecraft:oak_sapling":19,"minecraft:mangrove_propagule":3,"minecraft:coal":36},"minecraft:crafted":{"minecraft:smooth_stone":3,"minecraft:smooth_stone_slab":6,"minecraft:furnace":2,"minecraft:stone":9,"minecraft:bone_meal":30,"minecraft:glass":15,"graveyard:bone_dagger":1,"minecraft:diamond_helmet":1,"minecraft:diamond_leggings":1,"minecraft:iron_boots":1,"minecraft:stone_pickaxe":1,"minecraft:diamond_boots":1,"minecraft:dark_oak_planks":16,"minecraft:magenta_dye":1,"minecraft:cooked_beef":5,"minecraft:glass_bottle":3,"minecraft:cooked_porkchop":5,"minecraft:diamond_axe":1,"minecraft:crafting_table":5,"minecraft:jungle_boat":1,"minecraft:spruce_planks":24,"travelersbackpack:backpack_tank":2,"minecraft:wooden_pickaxe":2,"minecraft:iron_helmet":1,"minecraft:cooked_salmon":7,"minecraft:mangrove_planks":12,"minecraft:bucket":1,"minecraft:stone_axe":1,"minecraft:air":0,"minecraft:jungle_planks":264,"minecraft:iron_chestplate":1,"minecraft:shield":1,"minecraft:stone_slab":6,"minecraft:stick":24,"minecraft:iron_ingot":46,"minecraft:iron_pickaxe":1,"minecraft:wooden_axe":2,"minecraft:iron_leggings":1,"minecraft:armor_stand":2,"minecraft:stonecutter":1,"minecraft:diamond_chestplate":1},"minecraft:killed":{"minecraft:spider":3,"minecraft:skeleton":8,"minecraft:chicken":1,"minecraft:pig":7,"graveyard:ghoul":4,"minecraft:salmon":7,"minecraft:sheep":1,"minecraft:zombie":15,"minecraft:villager":8,"minecraft:enderman":2,"minecraft:cow":6},"minecraft:dropped":{"minecraft:iron_ingot":1,"minecraft:moss_block":2,"minecraft:wheat_seeds":2,"minecraft:glow_ink_sac":1,"minecraft:tnt":1,"minecraft:mossy_cobblestone":3,"minecraft:spore_blossom":2,"minecraft:dark_oak_sapling":4,"minecraft:mangrove_propagule":2,"minecraft:feather":6,"minecraft:cobblestone":7,"minecraft:jungle_planks":1,"minecraft:mangrove_planks":1,"graveyard:bone_dagger":1,"minecraft:flint":1,"minecraft:stick":28,"minecraft:dirt":1,"minecraft:mossy_cobblestone_slab":2,"minecraft:diorite":2,"minecraft:torch":1,"minecraft:mutton":2,"minecraft:wooden_axe":1,"minecraft:bone_block":1,"minecraft:bone_meal":41,"minecraft:string":1,"minecraft:bone":22,"minecraft:stone_axe":1,"minecraft:moss_carpet":2,"minecraft:mangrove_roots":1,"minecraft:cobbled_deepslate":12,"minecraft:cocoa_beans":8,"minecraft:rotten_flesh":5,"minecraft:iron_boots":2,"minecraft:gunpowder":5,"minecraft:oak_sapling":19,"minecraft:spider_eye":1,"minecraft:wooden_pickaxe":1,"minecraft:stone_pickaxe":1,"minecraft:magenta_dye":2,"minecraft:arrow":5,"minecraft:bow":1,"graveyard:oak_coffin":1}},"DataVersion":3465}