{"stats":{"minecraft:killed":{"graveyard:ghoul":2,"minecraft:salmon":7,"minecraft:skeleton":6,"minecraft:zombie":6,"minecraft:cow":3},"minecraft:used":{"minecraft:leather_leggings":1,"minecraft:diamond_boots":1,"minecraft:stone_pickaxe":92,"minecraft:mangrove_planks":11,"minecraft:wooden_pickaxe":9,"minecraft:leather_chestplate":1,"minecraft:shield":9,"minecraft:diamond_axe":6,"minecraft:cooked_salmon":5,"minecraft:leather_boots":1,"minecraft:cooked_chicken":1,"minecraft:iron_chestplate":1,"minecraft:salmon":1,"minecraft:dirt":1,"minecraft:crafting_table":12,"minecraft:jungle_planks":166,"minecraft:note_block":1,"minecraft:jungle_sapling":2,"minecraft:mud":1,"minecraft:wooden_axe":2,"minecraft:melon_slice":6,"minecraft:iron_pickaxe":171,"minecraft:iron_helmet":1,"minecraft:iron_boots":1,"minecraft:stone_axe":80,"minecraft:mangrove_roots":1,"minecraft:furnace":4,"minecraft:cooked_porkchop":5,"minecraft:cobbled_deepslate":28,"minecraft:cooked_beef":10,"minecraft:iron_leggings":1},"minecraft:mined":{"minecraft:tuff":1,"minecraft:deepslate_diamond_ore":28,"minecraft:mangrove_roots":2,"minecraft:crafting_table":9,"minecraft:note_block":1,"minecraft:jungle_planks":2,"minecraft:tall_grass":1,"graveyard:tg_grass_block":1,"minecraft:spruce_leaves":5,"minecraft:sugar_cane":4,"minecraft:moss_block":6,"minecraft:skeleton_skull":1,"graveyard:wither_skull_with_rib_cage":1,"minecraft:tall_seagrass":1,"graveyard:wither_skeleton_hand":1,"graveyard:vase_block":1,"graveyard:skull_with_rib_cage":1,"minecraft:furnace":4,"minecraft:mud":1,"minecraft:iron_ore":17,"minecraft:cobbled_deepslate":2,"graveyard:leaning_wither_skeleton":1,"minecraft:andesite":1,"minecraft:moss_carpet":1,"treechop:chopped_log":6,"minecraft:mangrove_leaves":32,"graveyard:skull_pile":1,"minecraft:grass":2,"minecraft:coal_ore":17,"minecraft:deepslate_iron_ore":17,"minecraft:vine":4,"minecraft:gravel":5,"graveyard:leaning_skeleton":1,"minecraft:polished_blackstone":3,"minecraft:stone":15,"minecraft:deepslate":130,"minecraft:fern":1},"minecraft:killed_by":{"graveyard:acolyte":1},"minecraft:custom":{"minecraft:interact_with_furnace":42,"minecraft:mob_kills":24,"minecraft:interact_with_crafting_table":25,"minecraft:tune_noteblock":6,"minecraft:open_barrel":6,"minecraft:leave_game":1,"minecraft:time_since_death":68708,"minecraft:climb_one_cm":6476,"minecraft:time_since_rest":68753,"minecraft:sprint_one_cm":214175,"minecraft:damage_taken":4436,"minecraft:walk_one_cm":231777,"minecraft:damage_blocked_by_shield":380,"minecraft:drop":21,"minecraft:damage_dealt":3695,"minecraft:play_noteblock":1,"minecraft:swim_one_cm":22326,"minecraft:fly_one_cm":216181,"minecraft:open_chest":7,"minecraft:crouch_one_cm":25349,"minecraft:play_time":92039,"minecraft:sneak_time":8979,"minecraft:deaths":2,"minecraft:walk_under_water_one_cm":14271,"minecraft:jump":1574,"minecraft:walk_on_water_one_cm":26458,"minecraft:total_world_time":92039,"minecraft:fall_one_cm":52828},"minecraft:picked_up":{"minecraft:mud":1,"minecraft:cocoa_beans":8,"minecraft:crafting_table":9,"minecraft:cooked_beef":5,"minecraft:salmon":7,"minecraft:jungle_log":65,"minecraft:leather":5,"minecraft:flint":1,"minecraft:magenta_dye":1,"minecraft:tuff":1,"minecraft:gunpowder":5,"minecraft:moss_carpet":4,"minecraft:dirt":1,"minecraft:bone":54,"minecraft:cobbled_deepslate":145,"minecraft:spore_blossom":1,"minecraft:iron_ingot":2,"minecraft:beef":6,"minecraft:cooked_chicken":5,"minecraft:jungle_sapling":2,"minecraft:moss_block":4,"minecraft:sugar_cane":10,"minecraft:melon_slice":6,"minecraft:mangrove_planks":7,"minecraft:mangrove_log":3,"minecraft:furnace":4,"minecraft:stick":4,"minecraft:raw_iron":39,"minecraft:cooked_porkchop":5,"minecraft:gravel":5,"minecraft:note_block":1,"minecraft:jungle_planks":7,"minecraft:amethyst_shard":4,"minecraft:spruce_log":6,"minecraft:stripped_jungle_log":1,"minecraft:tnt":1,"minecraft:arrow":5,"minecraft:rotten_flesh":2,"minecraft:diamond":28,"minecraft:bone_meal":2,"minecraft:mangrove_roots":2,"minecraft:polished_blackstone":3,"minecraft:mangrove_propagule":3,"minecraft:skeleton_skull":1,"minecraft:coal":33,"minecraft:cobblestone":18},"minecraft:dropped":{"minecraft:iron_ingot":1,"minecraft:mangrove_roots":1,"minecraft:tnt":1,"minecraft:cocoa_beans":8,"minecraft:mangrove_propagule":2,"minecraft:jungle_planks":1,"minecraft:mangrove_planks":1,"minecraft:gunpowder":1,"minecraft:wooden_axe":1,"minecraft:magenta_dye":2,"minecraft:wooden_pickaxe":1,"minecraft:bone":20},"minecraft:crafted":{"minecraft:cooked_beef":5,"minecraft:diamond_axe":1,"minecraft:crafting_table":5,"minecraft:spruce_planks":24,"minecraft:wooden_pickaxe":2,"minecraft:iron_helmet":1,"minecraft:furnace":1,"minecraft:cooked_salmon":5,"minecraft:mangrove_planks":12,"minecraft:stone_axe":1,"minecraft:air":0,"minecraft:jungle_planks":264,"minecraft:diamond_helmet":1,"minecraft:diamond_leggings":1,"minecraft:iron_boots":1,"minecraft:iron_chestplate":1,"minecraft:shield":1,"minecraft:stick":12,"minecraft:iron_ingot":27,"minecraft:iron_pickaxe":1,"minecraft:stone_pickaxe":1,"minecraft:wooden_axe":2,"minecraft:diamond_boots":1,"minecraft:iron_leggings":1,"minecraft:magenta_dye":1,"minecraft:diamond_chestplate":1}},"DataVersion":3465}