{"stats":{"minecraft:used":{"minecraft:mud":1,"minecraft:wooden_axe":2,"minecraft:leather_leggings":1,"minecraft:stone_pickaxe":3,"minecraft:mangrove_planks":11,"minecraft:wooden_pickaxe":9,"minecraft:leather_chestplate":1,"minecraft:leather_boots":1,"minecraft:dirt":1,"minecraft:crafting_table":3,"minecraft:mangrove_roots":1,"minecraft:note_block":1},"minecraft:mined":{"minecraft:skeleton_skull":1,"graveyard:wither_skull_with_rib_cage":1,"graveyard:vase_block":1,"graveyard:skull_with_rib_cage":1,"graveyard:wither_skeleton_hand":1,"minecraft:mud":1,"minecraft:note_block":1,"graveyard:leaning_wither_skeleton":1,"minecraft:mangrove_roots":2,"treechop:chopped_log":3,"minecraft:crafting_table":2,"minecraft:mangrove_leaves":32,"graveyard:skull_pile":1,"minecraft:grass":1,"minecraft:coal_ore":5,"minecraft:vine":2,"graveyard:leaning_skeleton":1,"graveyard:tg_grass_block":1,"minecraft:stone":3,"minecraft:spruce_leaves":5,"minecraft:polished_blackstone":3,"minecraft:moss_block":2,"minecraft:fern":1},"minecraft:killed_by":{"graveyard:acolyte":1},"minecraft:dropped":{"minecraft:mangrove_roots":1,"minecraft:mangrove_propagule":2,"minecraft:magenta_dye":2,"minecraft:mangrove_planks":1,"minecraft:bone":20},"minecraft:custom":{"minecraft:time_since_rest":6436,"minecraft:sprint_one_cm":39333,"minecraft:damage_taken":2872,"minecraft:walk_one_cm":63870,"minecraft:drop":7,"minecraft:damage_dealt":66,"minecraft:play_noteblock":1,"minecraft:swim_one_cm":849,"minecraft:interact_with_crafting_table":5,"minecraft:tune_noteblock":6,"minecraft:fly_one_cm":40406,"minecraft:open_barrel":6,"minecraft:open_chest":7,"minecraft:crouch_one_cm":5623,"minecraft:play_time":29722,"minecraft:deaths":2,"minecraft:sneak_time":1525,"minecraft:walk_under_water_one_cm":3013,"minecraft:jump":372,"minecraft:walk_on_water_one_cm":4131,"minecraft:time_since_death":6391,"minecraft:climb_one_cm":6476,"minecraft:total_world_time":29722,"minecraft:fall_one_cm":14733},"minecraft:picked_up":{"minecraft:stick":2,"minecraft:cocoa_beans":8,"minecraft:crafting_table":2,"minecraft:mud":1,"minecraft:jungle_log":7,"minecraft:note_block":1,"minecraft:magenta_dye":1,"minecraft:amethyst_shard":4,"minecraft:dirt":1,"minecraft:spruce_log":6,"minecraft:moss_carpet":3,"minecraft:tnt":1,"minecraft:bone":44,"minecraft:mangrove_roots":2,"minecraft:polished_blackstone":3,"minecraft:coal":3,"minecraft:mangrove_planks":7,"minecraft:mangrove_log":3,"minecraft:mangrove_propagule":3,"minecraft:skeleton_skull":1,"minecraft:cobblestone":3},"minecraft:crafted":{"minecraft:stone_pickaxe":1,"minecraft:crafting_table":2,"minecraft:wooden_pickaxe":2,"minecraft:spruce_planks":24,"minecraft:stick":8,"minecraft:wooden_axe":2,"minecraft:mangrove_planks":12,"minecraft:magenta_dye":1,"minecraft:jungle_planks":28}},"DataVersion":3465}