{"stats":{"minecraft:killed":{"minecraft:spider":4,"minecraft:skeleton":11,"minecraft:chicken":1,"minecraft:piglin_brute":3,"minecraft:magma_cube":11,"minecraft:piglin":8,"minecraft:pig":7,"minecraft:salmon":7,"minecraft:sheep":2,"minecraft:zombie":15,"minecraft:ghast":1,"minecraft:cow":33,"minecraft:blaze":4,"graveyard:revenant":3,"minecraft:horse":1,"graveyard:ghoul":4,"minecraft:wither_skeleton":2,"minecraft:villager":8,"minecraft:enderman":2},"minecraft:custom":{"minecraft:animals_bred":9,"minecraft:interact_with_crafting_table":77,"minecraft:open_barrel":10,"minecraft:bell_ring":8,"minecraft:leave_game":5,"minecraft:time_since_death":392076,"minecraft:damage_resisted":4,"minecraft:sprint_one_cm":1080781,"minecraft:damage_blocked_by_shield":670,"minecraft:drop":128,"minecraft:play_noteblock":1,"minecraft:talked_to_villager":29,"minecraft:play_time":415407,"minecraft:deaths":2,"minecraft:jump":7453,"minecraft:walk_on_water_one_cm":44648,"minecraft:enchant_item":1,"minecraft:interact_with_furnace":101,"minecraft:traded_with_villager":1,"minecraft:sleep_in_bed":11,"minecraft:damage_dealt":19432,"minecraft:crouch_one_cm":99987,"minecraft:interact_with_smoker":25,"minecraft:interact_with_smithing_table":1,"minecraft:mob_kills":128,"minecraft:climb_one_cm":6476,"minecraft:walk_one_cm":1066243,"minecraft:sneak_time":29148,"minecraft:walk_under_water_one_cm":58937,"minecraft:boat_one_cm":27516,"minecraft:total_world_time":415407,"minecraft:tune_noteblock":6,"minecraft:interact_with_stonecutter":5,"minecraft:time_since_rest":139569,"minecraft:damage_taken":8162,"minecraft:swim_one_cm":57702,"minecraft:fly_one_cm":1353185,"minecraft:open_chest":139,"minecraft:fall_one_cm":203167},"minecraft:mined":{"minecraft:dark_oak_planks":1,"minecraft:white_bed":8,"minecraft:chiseled_polished_blackstone":3,"minecraft:grass_block":117,"minecraft:cracked_polished_blackstone_bricks":12,"minecraft:oak_pressure_plate":1,"minecraft:spawner":1,"graveyard:wither_skull_with_rib_cage":1,"minecraft:polished_blackstone_bricks":33,"minecraft:tall_seagrass":1,"minecraft:mossy_cobblestone_slab":1,"minecraft:iron_ore":28,"minecraft:cobbled_deepslate":2,"minecraft:fire":23,"graveyard:leaning_wither_skeleton":2,"minecraft:moss_carpet":1,"minecraft:azure_bluet":1,"minecraft:enchanting_table":1,"minecraft:polished_deepslate_slab":2,"minecraft:dirt_path":73,"minecraft:oak_stairs":1,"minecraft:black_candle":6,"minecraft:blackstone":11,"minecraft:soul_lantern":3,"minecraft:torch":1,"minecraft:note_block":1,"minecraft:nether_quartz_ore":26,"minecraft:wither_skeleton_wall_skull":2,"minecraft:cobblestone":1,"minecraft:sugar_cane":57,"minecraft:wall_torch":1,"minecraft:skeleton_skull":1,"graveyard:oak_coffin":2,"graveyard:wither_skeleton_hand":1,"minecraft:mud":1,"minecraft:birch_log":1,"minecraft:wheat":63,"minecraft:black_bed":5,"graveyard:skull_pile":2,"minecraft:grass":32,"minecraft:sand":15,"minecraft:dirt":267,"minecraft:wither_skeleton_skull":2,"minecraft:netherrack":507,"minecraft:oak_leaves":7,"minecraft:deepslate":132,"minecraft:nether_gold_ore":7,"minecraft:tuff":1,"minecraft:mossy_cobblestone":5,"minecraft:deepslate_diamond_ore":28,"minecraft:mangrove_roots":2,"minecraft:nether_bricks":1,"minecraft:cobbled_deepslate_slab":1,"minecraft:jungle_planks":2,"minecraft:polished_andesite_slab":1,"minecraft:spruce_leaves":6,"minecraft:moss_block":6,"minecraft:large_fern":1,"minecraft:furnace":5,"minecraft:carrots":69,"minecraft:andesite":1,"treechop:chopped_log":22,"minecraft:gold_block":3,"minecraft:bookshelf":6,"minecraft:cobblestone_slab":1,"minecraft:deepslate_iron_ore":27,"minecraft:vine":4,"minecraft:stone":75,"minecraft:basalt":56,"minecraft:dandelion":3,"travelersbackpack:standard":1,"minecraft:oak_fence":1,"minecraft:crafting_table":12,"minecraft:cornflower":1,"minecraft:andesite_slab":1,"minecraft:lectern":2,"graveyard:tg_grass_block":1,"minecraft:tall_grass":4,"minecraft:warped_wart_block":1,"graveyard:vase_block":1,"graveyard:skull_with_rib_cage":1,"minecraft:ice":18,"minecraft:white_carpet":1,"minecraft:birch_leaves":1,"minecraft:mangrove_leaves":32,"minecraft:yellow_bed":4,"minecraft:coal_ore":22,"minecraft:gravel":5,"graveyard:leaning_skeleton":2,"minecraft:polished_blackstone":3,"minecraft:stone_bricks":3,"minecraft:fern":3},"minecraft:dropped":{"minecraft:moss_block":2,"minecraft:glow_ink_sac":1,"minecraft:spore_blossom":2,"minecraft:dark_oak_sapling":5,"minecraft:jungle_planks":1,"minecraft:mangrove_planks":1,"minecraft:flint":2,"minecraft:dirt":39,"minecraft:mutton":2,"minecraft:dark_oak_trapdoor":1,"minecraft:bone_block":1,"minecraft:bone_meal":111,"minecraft:iron_pickaxe":1,"minecraft:gold_ingot":8,"minecraft:bone":22,"minecraft:stone_axe":1,"minecraft:mangrove_roots":1,"minecraft:cobbled_deepslate":12,"minecraft:rotten_flesh":6,"minecraft:carrot":205,"bosses_of_mass_destruction:soul_star":2,"minecraft:gunpowder":5,"minecraft:arrow":5,"graveyard:oak_coffin":1,"minecraft:golden_boots":1,"minecraft:iron_ingot":1,"minecraft:bread":60,"minecraft:wheat_seeds":67,"minecraft:tnt":1,"minecraft:mossy_cobblestone":3,"minecraft:mangrove_propagule":2,"minecraft:cobblestone":7,"minecraft:feather":6,"graveyard:bone_dagger":2,"minecraft:stick":30,"minecraft:mossy_cobblestone_slab":2,"minecraft:diorite":2,"minecraft:torch":3,"minecraft:wooden_axe":1,"minecraft:paper":6,"minecraft:string":1,"minecraft:dandelion":6,"minecraft:moss_carpet":2,"minecraft:cocoa_beans":8,"minecraft:iron_boots":2,"minecraft:flint_and_steel":2,"minecraft:oak_sapling":26,"minecraft:spider_eye":1,"minecraft:stone_pickaxe":1,"minecraft:bow":1,"minecraft:magenta_dye":2,"minecraft:wooden_pickaxe":1},"minecraft:used":{"minecraft:moss_block":3,"minecraft:bone_block":1,"minecraft:shield":18,"minecraft:iron_chestplate":1,"minecraft:jungle_planks":186,"minecraft:nether_bricks":1,"minecraft:carrot":70,"minecraft:tuff":9,"minecraft:jungle_sapling":2,"minecraft:birch_sapling":4,"minecraft:iron_helmet":1,"minecraft:item_frame":1,"minecraft:mangrove_roots":1,"minecraft:oak_sapling":5,"minecraft:furnace":6,"minecraft:egg":2,"minecraft:dark_oak_sapling":4,"minecraft:golden_boots":1,"minecraft:leather_leggings":1,"minecraft:diamond_boots":3,"minecraft:wither_skeleton_skull":4,"minecraft:stone_pickaxe":103,"minecraft:mangrove_planks":11,"minecraft:wooden_pickaxe":9,"minecraft:leather_chestplate":1,"minecraft:sugar_cane":73,"minecraft:diamond_axe":289,"minecraft:jungle_boat":1,"minecraft:dark_oak_trapdoor":2,"minecraft:note_block":1,"minecraft:black_bed":5,"minecraft:melon_slice":6,"minecraft:lectern":3,"minecraft:gravel":5,"minecraft:soul_lantern":3,"minecraft:diamond_sword":74,"minecraft:dark_oak_fence":18,"minecraft:smooth_stone_slab":1,"minecraft:bone_meal":108,"minecraft:oak_fence":56,"minecraft:enchanting_table":1,"minecraft:flint_and_steel":44,"minecraft:armor_stand":2,"minecraft:cooked_salmon":7,"graveyard:oak_coffin":2,"minecraft:cooked_chicken":6,"minecraft:netherrack":297,"minecraft:torch":8,"minecraft:dirt":190,"minecraft:warped_wart_block":25,"minecraft:white_carpet":4,"minecraft:oak_fence_gate":1,"minecraft:dark_oak_planks":17,"minecraft:wooden_axe":2,"minecraft:bookshelf":11,"minecraft:iron_axe":6,"minecraft:iron_boots":1,"minecraft:diamond_chestplate":2,"minecraft:basalt":2,"minecraft:golden_carrot":4,"minecraft:cooked_beef":31,"minecraft:cobbled_deepslate":139,"minecraft:enchanted_golden_apple":1,"minecraft:iron_leggings":2,"minecraft:wheat_seeds":62,"minecraft:water_bucket":24,"minecraft:birch_planks":8,"minecraft:lead":1,"minecraft:baked_potato":11,"minecraft:stonecutter":1,"minecraft:cobblestone_slab":129,"minecraft:leather_boots":1,"minecraft:salmon":1,"graveyard:bone_dagger":30,"minecraft:crafting_table":17,"minecraft:white_bed":29,"minecraft:oak_log":4,"minecraft:mud":1,"minecraft:diamond_pickaxe":725,"minecraft:apple":2,"minecraft:diamond_shovel":447,"minecraft:iron_pickaxe":206,"minecraft:stone_axe":80,"travelersbackpack:standard":1,"minecraft:cooked_porkchop":33,"minecraft:bucket":25,"minecraft:black_candle":20,"minecraft:yellow_bed":6,"minecraft:diamond_leggings":2},"minecraft:killed_by":{"graveyard:acolyte":1},"minecraft:crafted":{"minecraft:oak_planks":20,"minecraft:smooth_stone":3,"minecraft:cooked_chicken":1,"minecraft:stone":9,"minecraft:diamond_shovel":1,"minecraft:bookshelf":12,"minecraft:glass":15,"graveyard:bone_dagger":1,"minecraft:diamond_helmet":1,"minecraft:diamond_leggings":1,"minecraft:iron_boots":1,"minecraft:chest":1,"minecraft:magenta_dye":1,"minecraft:glass_bottle":3,"minecraft:item_frame":1,"minecraft:emerald":1,"minecraft:cooked_porkchop":8,"minecraft:diamond_axe":1,"minecraft:crafting_table":5,"minecraft:spruce_planks":24,"minecraft:jungle_boat":1,"minecraft:wooden_pickaxe":2,"minecraft:iron_helmet":1,"travelersbackpack:standard":1,"minecraft:birch_planks":144,"minecraft:iron_chestplate":1,"minecraft:book":18,"minecraft:paper":84,"minecraft:diamond_pickaxe":1,"minecraft:shield":1,"minecraft:stick":52,"minecraft:stone_slab":6,"minecraft:iron_ingot":52,"minecraft:iron_pickaxe":1,"minecraft:gold_ingot":18,"minecraft:shears":1,"minecraft:smooth_stone_slab":6,"minecraft:furnace":2,"minecraft:dark_oak_trapdoor":2,"minecraft:bone_meal":145,"minecraft:white_carpet":3,"minecraft:flint_and_steel":1,"minecraft:dark_oak_fence":18,"travelersbackpack:white_sleeping_bag":1,"minecraft:iron_axe":1,"minecraft:stone_pickaxe":1,"minecraft:diamond_boots":1,"minecraft:dark_oak_planks":136,"minecraft:wheat":180,"minecraft:cooked_beef":56,"minecraft:diamond_sword":1,"travelersbackpack:backpack_tank":2,"minecraft:cooked_salmon":7,"minecraft:mangrove_planks":12,"minecraft:bucket":1,"minecraft:stone_axe":1,"minecraft:bread":60,"minecraft:air":0,"minecraft:jungle_planks":264,"minecraft:wooden_axe":2,"minecraft:iron_leggings":1,"minecraft:armor_stand":2,"minecraft:stonecutter":1,"minecraft:white_bed":17,"minecraft:diamond_chestplate":1},"minecraft:picked_up":{"minecraft:wheat":52,"minecraft:lead":11,"minecraft:oak_stairs":1,"minecraft:string":10,"minecraft:dark_oak_trapdoor":1,"minecraft:shroomlight":1,"minecraft:gold_nugget":27,"minecraft:cobbled_deepslate":159,"bosses_of_mass_destruction:soul_star":2,"minecraft:cobblestone_slab":1,"minecraft:melon_slice":6,"minecraft:furnace":5,"minecraft:mangrove_log":3,"minecraft:iron_boots":1,"minecraft:stick":54,"minecraft:oak_fence":76,"minecraft:torch":11,"minecraft:porkchop":8,"minecraft:diorite":2,"minecraft:rotten_flesh":6,"minecraft:mangrove_roots":2,"minecraft:blaze_rod":2,"minecraft:obsidian":1,"minecraft:cobblestone":78,"minecraft:birch_log":36,"minecraft:enchanting_table":1,"minecraft:mossy_cobblestone_slab":2,"minecraft:feather":6,"minecraft:cooked_beef":5,"minecraft:magma_cream":3,"minecraft:jungle_log":65,"minecraft:black_bed":5,"minecraft:magenta_dye":1,"minecraft:flint":2,"minecraft:tuff":9,"minecraft:wither_skeleton_skull":4,"minecraft:dirt":313,"minecraft:bone":93,"minecraft:bow":1,"minecraft:wheat_seeds":153,"minecraft:raw_gold":3,"minecraft:moss_block":5,"minecraft:chiseled_polished_blackstone":3,"minecraft:cooked_porkchop":14,"minecraft:warped_wart_block":52,"graveyard:bone_dagger":2,"minecraft:oak_pressure_plate":1,"minecraft:jungle_planks":7,"minecraft:sand":15,"minecraft:dark_oak_log":27,"minecraft:mossy_cobblestone":3,"graveyard:oak_coffin":3,"minecraft:diamond":28,"minecraft:soul_lantern":3,"minecraft:cracked_polished_blackstone_bricks":12,"minecraft:bone_meal":74,"minecraft:bread":30,"minecraft:oak_sapling":32,"minecraft:netherrack":500,"minecraft:cocoa_beans":8,"minecraft:mud":1,"minecraft:crafting_table":12,"minecraft:chicken":1,"minecraft:gold_block":3,"minecraft:moss_carpet":5,"minecraft:flint_and_steel":1,"minecraft:white_carpet":1,"minecraft:blackstone":11,"graveyard:corruption":2,"minecraft:beef":67,"minecraft:jungle_sapling":2,"minecraft:lectern":3,"minecraft:sugar_cane":159,"minecraft:birch_sapling":13,"minecraft:egg":2,"minecraft:dark_oak_sapling":9,"minecraft:raw_iron":57,"minecraft:note_block":1,"minecraft:polished_blackstone_bricks":32,"minecraft:carrot":275,"minecraft:dark_oak_planks":1,"minecraft:tnt":1,"minecraft:arrow":6,"minecraft:nether_bricks":1,"minecraft:hay_block":20,"minecraft:polished_blackstone":3,"minecraft:mutton":4,"minecraft:white_wool":67,"minecraft:skeleton_skull":1,"minecraft:bone_block":1,"minecraft:jungle_boat":1,"minecraft:basalt":55,"minecraft:glow_ink_sac":1,"minecraft:salmon":7,"minecraft:leather":76,"minecraft:oak_log":60,"minecraft:golden_boots":1,"minecraft:yellow_bed":6,"minecraft:gunpowder":5,"minecraft:apple":4,"minecraft:stone_bricks":3,"minecraft:warped_stem":9,"minecraft:spore_blossom":2,"minecraft:oak_fence_gate":1,"minecraft:iron_ingot":3,"minecraft:cooked_chicken":5,"minecraft:mangrove_planks":7,"minecraft:soul_sand":5,"minecraft:book":18,"minecraft:black_candle":20,"minecraft:quartz":26,"minecraft:dandelion":9,"minecraft:gravel":5,"minecraft:amethyst_shard":4,"minecraft:white_bed":12,"minecraft:spruce_log":6,"minecraft:crying_obsidian":6,"minecraft:spider_eye":1,"minecraft:stripped_jungle_log":1,"travelersbackpack:standard":1,"minecraft:chainmail_leggings":1,"minecraft:baked_potato":11,"minecraft:mangrove_propagule":3,"minecraft:coal":36}},"DataVersion":3465}