{"stats":{"minecraft:used":{"minecraft:mud":1,"minecraft:mangrove_roots":1,"minecraft:mangrove_planks":11},"minecraft:mined":{"minecraft:vine":2,"minecraft:mud":1,"minecraft:mangrove_roots":2,"treechop:chopped_log":1,"minecraft:mangrove_leaves":32},"minecraft:dropped":{"minecraft:mangrove_roots":1,"minecraft:magenta_dye":2,"minecraft:mangrove_planks":1,"minecraft:mangrove_propagule":1},"minecraft:picked_up":{"minecraft:mud":1,"minecraft:magenta_dye":1,"minecraft:mangrove_roots":2,"minecraft:mangrove_planks":7,"minecraft:mangrove_propagule":3,"minecraft:mangrove_log":3},"minecraft:custom":{"minecraft:open_barrel":2,"minecraft:time_since_rest":10951,"minecraft:open_chest":4,"minecraft:crouch_one_cm":5361,"minecraft:play_time":17722,"minecraft:sprint_one_cm":15348,"minecraft:deaths":1,"minecraft:damage_taken":2320,"minecraft:walk_one_cm":28096,"minecraft:sneak_time":1450,"minecraft:walk_under_water_one_cm":1712,"minecraft:drop":5,"minecraft:jump":243,"minecraft:damage_dealt":20,"minecraft:time_since_death":10923,"minecraft:walk_on_water_one_cm":1887,"minecraft:total_world_time":17722,"minecraft:climb_one_cm":5404,"minecraft:swim_one_cm":849,"minecraft:fall_one_cm":9071,"minecraft:tune_noteblock":5,"minecraft:fly_one_cm":19179},"minecraft:crafted":{"minecraft:mangrove_planks":12,"minecraft:magenta_dye":1}},"DataVersion":3465}