{"stats":{"minecraft:killed":{"minecraft:spider":1,"minecraft:skeleton":6,"minecraft:pig":7,"graveyard:ghoul":3,"minecraft:salmon":7,"minecraft:sheep":1,"minecraft:zombie":6,"minecraft:cow":3},"minecraft:used":{"minecraft:moss_block":3,"minecraft:shield":16,"minecraft:cooked_salmon":7,"minecraft:cooked_chicken":5,"minecraft:iron_chestplate":1,"minecraft:dirt":1,"minecraft:jungle_planks":166,"minecraft:tuff":3,"minecraft:jungle_sapling":2,"minecraft:wooden_axe":2,"minecraft:iron_helmet":1,"minecraft:iron_boots":1,"minecraft:mangrove_roots":1,"minecraft:furnace":5,"minecraft:egg":1,"minecraft:cooked_beef":10,"minecraft:cobbled_deepslate":112,"minecraft:iron_leggings":1,"minecraft:water_bucket":8,"minecraft:leather_leggings":1,"minecraft:diamond_boots":1,"minecraft:stone_pickaxe":101,"minecraft:mangrove_planks":11,"minecraft:leather_chestplate":1,"minecraft:wooden_pickaxe":9,"minecraft:diamond_axe":57,"minecraft:leather_boots":1,"minecraft:salmon":1,"minecraft:crafting_table":13,"minecraft:note_block":1,"minecraft:black_bed":1,"minecraft:mud":1,"minecraft:melon_slice":6,"minecraft:iron_pickaxe":191,"minecraft:stone_axe":80,"minecraft:cooked_porkchop":8,"minecraft:bucket":9},"minecraft:mined":{"minecraft:tuff":1,"minecraft:mossy_cobblestone":4,"minecraft:deepslate_diamond_ore":28,"minecraft:mangrove_roots":2,"minecraft:jungle_planks":2,"minecraft:spruce_leaves":5,"minecraft:moss_block":6,"graveyard:wither_skull_with_rib_cage":1,"minecraft:tall_seagrass":1,"minecraft:furnace":4,"minecraft:iron_ore":22,"minecraft:cobbled_deepslate":2,"graveyard:leaning_wither_skeleton":1,"minecraft:andesite":1,"minecraft:moss_carpet":1,"treechop:chopped_log":9,"minecraft:vine":4,"minecraft:deepslate_iron_ore":27,"minecraft:black_candle":1,"minecraft:stone":17,"minecraft:note_block":1,"minecraft:crafting_table":9,"minecraft:cobblestone":1,"minecraft:tall_grass":1,"graveyard:tg_grass_block":1,"minecraft:sugar_cane":4,"minecraft:skeleton_skull":1,"graveyard:oak_coffin":1,"graveyard:skull_with_rib_cage":1,"graveyard:vase_block":1,"graveyard:wither_skeleton_hand":1,"minecraft:mud":1,"minecraft:birch_leaves":1,"minecraft:black_bed":1,"minecraft:mangrove_leaves":32,"graveyard:skull_pile":1,"minecraft:grass":2,"minecraft:coal_ore":22,"minecraft:gravel":5,"graveyard:leaning_skeleton":1,"minecraft:polished_blackstone":3,"minecraft:oak_leaves":1,"minecraft:fern":1,"minecraft:deepslate":132},"minecraft:killed_by":{"graveyard:acolyte":1},"minecraft:custom":{"minecraft:mob_kills":34,"minecraft:interact_with_crafting_table":27,"minecraft:open_barrel":6,"minecraft:leave_game":1,"minecraft:time_since_death":104708,"minecraft:climb_one_cm":6476,"minecraft:sprint_one_cm":332587,"minecraft:walk_one_cm":324318,"minecraft:damage_blocked_by_shield":640,"minecraft:drop":49,"minecraft:play_noteblock":1,"minecraft:play_time":128039,"minecraft:deaths":2,"minecraft:sneak_time":11939,"minecraft:walk_under_water_one_cm":22489,"minecraft:jump":2526,"minecraft:walk_on_water_one_cm":33825,"minecraft:total_world_time":128039,"minecraft:interact_with_furnace":52,"minecraft:tune_noteblock":6,"minecraft:sleep_in_bed":2,"minecraft:time_since_rest":0,"minecraft:damage_taken":4831,"minecraft:damage_dealt":5086,"minecraft:swim_one_cm":29125,"minecraft:fly_one_cm":340112,"minecraft:open_chest":15,"minecraft:crouch_one_cm":32533,"minecraft:interact_with_smoker":7,"minecraft:fall_one_cm":74706},"minecraft:dropped":{"minecraft:iron_ingot":1,"minecraft:moss_block":2,"minecraft:glow_ink_sac":1,"minecraft:tnt":1,"minecraft:mossy_cobblestone":1,"minecraft:spore_blossom":2,"minecraft:mangrove_propagule":2,"minecraft:cobblestone":7,"minecraft:jungle_planks":1,"minecraft:mangrove_planks":1,"minecraft:flint":1,"minecraft:diorite":2,"minecraft:wooden_axe":1,"minecraft:string":1,"minecraft:bone":20,"minecraft:moss_carpet":2,"minecraft:mangrove_roots":1,"minecraft:cobbled_deepslate":12,"minecraft:cocoa_beans":8,"minecraft:rotten_flesh":3,"minecraft:gunpowder":1,"minecraft:spider_eye":1,"minecraft:arrow":5,"minecraft:magenta_dye":2,"minecraft:wooden_pickaxe":1},"minecraft:picked_up":{"minecraft:cocoa_beans":8,"minecraft:mud":1,"minecraft:crafting_table":9,"minecraft:string":1,"minecraft:moss_carpet":5,"minecraft:cobbled_deepslate":159,"minecraft:beef":6,"minecraft:jungle_sapling":2,"minecraft:melon_slice":6,"minecraft:sugar_cane":10,"minecraft:mangrove_log":3,"minecraft:egg":1,"minecraft:furnace":4,"minecraft:raw_iron":51,"minecraft:stick":20,"minecraft:torch":1,"minecraft:note_block":1,"minecraft:porkchop":8,"minecraft:diorite":2,"minecraft:tnt":1,"minecraft:arrow":5,"minecraft:rotten_flesh":3,"minecraft:mangrove_roots":2,"minecraft:polished_blackstone":3,"minecraft:mutton":2,"minecraft:bone_block":1,"minecraft:skeleton_skull":1,"minecraft:white_wool":1,"minecraft:cobblestone":21,"minecraft:feather":2,"minecraft:cooked_beef":5,"minecraft:glow_ink_sac":1,"minecraft:jungle_log":65,"minecraft:salmon":7,"minecraft:black_bed":1,"minecraft:leather":5,"minecraft:magenta_dye":1,"minecraft:flint":1,"minecraft:tuff":9,"minecraft:oak_log":36,"minecraft:gunpowder":5,"minecraft:dirt":1,"minecraft:bone":54,"minecraft:apple":2,"minecraft:raw_gold":3,"minecraft:spore_blossom":2,"minecraft:iron_ingot":2,"minecraft:cooked_chicken":5,"minecraft:moss_block":5,"minecraft:mangrove_planks":7,"minecraft:black_candle":4,"minecraft:cooked_porkchop":5,"minecraft:gravel":5,"minecraft:jungle_planks":7,"minecraft:amethyst_shard":4,"minecraft:spruce_log":6,"minecraft:spider_eye":1,"minecraft:mossy_cobblestone":2,"graveyard:oak_coffin":1,"minecraft:stripped_jungle_log":1,"minecraft:diamond":28,"minecraft:bone_meal":11,"minecraft:oak_sapling":19,"minecraft:coal":36,"minecraft:mangrove_propagule":3},"minecraft:crafted":{"minecraft:furnace":1,"minecraft:bone_meal":30,"minecraft:diamond_helmet":1,"minecraft:diamond_leggings":1,"minecraft:iron_boots":1,"minecraft:stone_pickaxe":1,"minecraft:diamond_boots":1,"minecraft:magenta_dye":1,"minecraft:cooked_beef":5,"minecraft:cooked_porkchop":5,"minecraft:diamond_axe":1,"minecraft:crafting_table":5,"minecraft:spruce_planks":24,"minecraft:wooden_pickaxe":2,"minecraft:iron_helmet":1,"minecraft:cooked_salmon":7,"minecraft:mangrove_planks":12,"minecraft:bucket":1,"minecraft:stone_axe":1,"minecraft:air":0,"minecraft:jungle_planks":264,"minecraft:iron_chestplate":1,"minecraft:shield":1,"minecraft:stick":12,"minecraft:iron_ingot":46,"minecraft:iron_pickaxe":1,"minecraft:wooden_axe":2,"minecraft:iron_leggings":1,"minecraft:diamond_chestplate":1}},"DataVersion":3465}