{"stats":{"minecraft:custom":{"minecraft:interact_with_smithing_table":1,"minecraft:mob_kills":63,"minecraft:animals_bred":4,"minecraft:interact_with_crafting_table":53,"minecraft:open_barrel":10,"minecraft:bell_ring":8,"minecraft:leave_game":3,"minecraft:time_since_death":232982,"minecraft:climb_one_cm":6476,"minecraft:sprint_one_cm":712415,"minecraft:walk_one_cm":731464,"minecraft:damage_blocked_by_shield":670,"minecraft:drop":102,"minecraft:play_noteblock":1,"minecraft:talked_to_villager":22,"minecraft:play_time":256313,"minecraft:sneak_time":15812,"minecraft:deaths":2,"minecraft:walk_under_water_one_cm":26312,"minecraft:boat_one_cm":27516,"minecraft:jump":4868,"minecraft:walk_on_water_one_cm":40033,"minecraft:total_world_time":256313,"minecraft:interact_with_furnace":99,"minecraft:tune_noteblock":6,"minecraft:interact_with_stonecutter":5,"minecraft:sleep_in_bed":9,"minecraft:time_since_rest":60966,"minecraft:damage_taken":5842,"minecraft:damage_dealt":10502,"minecraft:swim_one_cm":35556,"minecraft:fly_one_cm":815059,"minecraft:open_chest":75,"minecraft:crouch_one_cm":42386,"minecraft:interact_with_smoker":16,"minecraft:fall_one_cm":134138},"minecraft:used":{"minecraft:oak_fence":56,"minecraft:moss_block":3,"minecraft:flint_and_steel":44,"minecraft:armor_stand":2,"minecraft:bone_block":1,"minecraft:shield":18,"minecraft:cooked_salmon":7,"minecraft:cooked_chicken":6,"graveyard:oak_coffin":2,"minecraft:iron_chestplate":1,"minecraft:torch":6,"minecraft:dirt":11,"minecraft:jungle_planks":186,"minecraft:carrot":37,"minecraft:tuff":9,"minecraft:oak_fence_gate":1,"minecraft:dark_oak_planks":17,"minecraft:jungle_sapling":2,"minecraft:wooden_axe":2,"minecraft:iron_helmet":1,"minecraft:iron_boots":1,"minecraft:mangrove_roots":1,"minecraft:furnace":6,"minecraft:egg":1,"minecraft:cooked_beef":14,"minecraft:cobbled_deepslate":139,"minecraft:iron_leggings":2,"minecraft:dark_oak_sapling":4,"minecraft:wheat_seeds":24,"minecraft:water_bucket":17,"minecraft:leather_leggings":1,"minecraft:diamond_boots":1,"minecraft:cobblestone_slab":111,"minecraft:wither_skeleton_skull":4,"minecraft:lead":1,"minecraft:baked_potato":10,"minecraft:mangrove_planks":11,"minecraft:stone_pickaxe":103,"minecraft:wooden_pickaxe":9,"minecraft:leather_chestplate":1,"minecraft:stonecutter":1,"minecraft:sugar_cane":10,"minecraft:leather_boots":1,"minecraft:diamond_axe":172,"minecraft:jungle_boat":1,"minecraft:salmon":1,"graveyard:bone_dagger":30,"minecraft:dark_oak_trapdoor":1,"minecraft:crafting_table":17,"minecraft:white_bed":10,"minecraft:note_block":1,"minecraft:black_bed":5,"minecraft:oak_log":4,"minecraft:mud":1,"minecraft:diamond_pickaxe":59,"minecraft:diamond_shovel":447,"minecraft:apple":2,"minecraft:melon_slice":6,"minecraft:iron_pickaxe":206,"minecraft:gravel":5,"minecraft:soul_lantern":3,"minecraft:stone_axe":80,"minecraft:cooked_porkchop":20,"minecraft:dark_oak_fence":18,"minecraft:yellow_bed":5,"minecraft:black_candle":20,"minecraft:bucket":18,"minecraft:smooth_stone_slab":1,"minecraft:bone_meal":42,"minecraft:diamond_leggings":1},"minecraft:killed_by":{"graveyard:acolyte":1},"minecraft:mined":{"minecraft:tuff":1,"minecraft:white_bed":8,"minecraft:mossy_cobblestone":5,"minecraft:deepslate_diamond_ore":28,"minecraft:mangrove_roots":2,"minecraft:cobbled_deepslate_slab":1,"minecraft:grass_block":113,"minecraft:jungle_planks":2,"minecraft:oak_pressure_plate":1,"minecraft:polished_andesite_slab":1,"minecraft:spruce_leaves":6,"minecraft:moss_block":6,"minecraft:large_fern":1,"graveyard:wither_skull_with_rib_cage":1,"minecraft:tall_seagrass":1,"minecraft:carrots":36,"minecraft:fire":15,"minecraft:mossy_cobblestone_slab":1,"minecraft:furnace":5,"minecraft:iron_ore":28,"minecraft:cobbled_deepslate":2,"graveyard:leaning_wither_skeleton":2,"minecraft:andesite":1,"minecraft:moss_carpet":1,"treechop:chopped_log":14,"minecraft:azure_bluet":1,"minecraft:cobblestone_slab":1,"minecraft:dirt_path":72,"minecraft:polished_deepslate_slab":2,"minecraft:deepslate_iron_ore":27,"minecraft:vine":4,"minecraft:oak_stairs":1,"minecraft:black_candle":6,"minecraft:stone":75,"minecraft:torch":1,"minecraft:oak_fence":1,"minecraft:cornflower":1,"minecraft:dandelion":3,"minecraft:soul_lantern":3,"minecraft:crafting_table":12,"minecraft:note_block":1,"minecraft:andesite_slab":1,"minecraft:wither_skeleton_wall_skull":2,"minecraft:tall_grass":4,"graveyard:tg_grass_block":1,"minecraft:cobblestone":1,"minecraft:sugar_cane":4,"minecraft:wall_torch":1,"minecraft:skeleton_skull":1,"graveyard:oak_coffin":2,"graveyard:wither_skeleton_hand":1,"graveyard:vase_block":1,"graveyard:skull_with_rib_cage":1,"minecraft:mud":1,"minecraft:wheat":25,"minecraft:yellow_bed":3,"minecraft:birch_leaves":1,"minecraft:black_bed":5,"minecraft:mangrove_leaves":32,"graveyard:skull_pile":2,"minecraft:grass":28,"minecraft:coal_ore":22,"minecraft:dirt":266,"minecraft:sand":15,"minecraft:gravel":5,"graveyard:leaning_skeleton":2,"minecraft:wither_skeleton_skull":2,"minecraft:polished_blackstone":3,"minecraft:deepslate":132,"minecraft:oak_leaves":4,"minecraft:fern":3,"minecraft:dark_oak_planks":1},"minecraft:picked_up":{"minecraft:mud":1,"minecraft:cocoa_beans":8,"minecraft:crafting_table":12,"minecraft:wheat":17,"minecraft:chicken":1,"minecraft:lead":11,"minecraft:oak_stairs":1,"minecraft:string":1,"minecraft:moss_carpet":5,"minecraft:flint_and_steel":1,"graveyard:corruption":1,"minecraft:cobbled_deepslate":159,"bosses_of_mass_destruction:soul_star":1,"minecraft:beef":11,"minecraft:cobblestone_slab":1,"minecraft:jungle_sapling":2,"minecraft:melon_slice":6,"minecraft:sugar_cane":10,"minecraft:furnace":5,"minecraft:mangrove_log":3,"minecraft:iron_boots":1,"minecraft:egg":1,"minecraft:dark_oak_sapling":8,"minecraft:stick":38,"minecraft:raw_iron":57,"minecraft:oak_fence":76,"minecraft:torch":10,"minecraft:note_block":1,"minecraft:porkchop":8,"minecraft:carrot":154,"minecraft:diorite":2,"minecraft:dark_oak_planks":1,"minecraft:tnt":1,"minecraft:arrow":5,"minecraft:rotten_flesh":6,"minecraft:mangrove_roots":2,"minecraft:polished_blackstone":3,"minecraft:mutton":2,"minecraft:bone_block":1,"minecraft:skeleton_skull":1,"minecraft:white_wool":17,"minecraft:cobblestone":78,"minecraft:mossy_cobblestone_slab":2,"minecraft:jungle_boat":1,"minecraft:feather":6,"minecraft:cooked_beef":5,"minecraft:glow_ink_sac":1,"minecraft:salmon":7,"minecraft:jungle_log":65,"minecraft:yellow_bed":5,"minecraft:black_bed":5,"minecraft:leather":9,"minecraft:magenta_dye":1,"minecraft:flint":1,"minecraft:tuff":9,"minecraft:oak_log":56,"minecraft:gunpowder":5,"minecraft:wither_skeleton_skull":4,"minecraft:dirt":306,"minecraft:bone":90,"minecraft:apple":3,"minecraft:bow":1,"minecraft:wheat_seeds":63,"minecraft:oak_fence_gate":1,"minecraft:raw_gold":3,"minecraft:spore_blossom":2,"minecraft:iron_ingot":3,"minecraft:cooked_chicken":5,"minecraft:moss_block":5,"minecraft:mangrove_planks":7,"minecraft:black_candle":20,"minecraft:cooked_porkchop":14,"graveyard:bone_dagger":1,"minecraft:dandelion":9,"minecraft:oak_pressure_plate":1,"minecraft:gravel":5,"minecraft:sand":15,"minecraft:jungle_planks":7,"minecraft:amethyst_shard":4,"minecraft:white_bed":8,"minecraft:spruce_log":6,"minecraft:dark_oak_log":27,"minecraft:spider_eye":1,"minecraft:mossy_cobblestone":3,"minecraft:stripped_jungle_log":1,"graveyard:oak_coffin":3,"minecraft:diamond":28,"minecraft:soul_lantern":3,"minecraft:bone_meal":11,"minecraft:baked_potato":11,"minecraft:oak_sapling":26,"minecraft:mangrove_propagule":3,"minecraft:coal":36},"minecraft:crafted":{"minecraft:smooth_stone":3,"minecraft:oak_planks":4,"minecraft:smooth_stone_slab":6,"minecraft:cooked_chicken":1,"minecraft:furnace":2,"minecraft:dark_oak_trapdoor":2,"minecraft:stone":9,"minecraft:diamond_shovel":1,"minecraft:bone_meal":145,"minecraft:flint_and_steel":1,"minecraft:glass":15,"minecraft:dark_oak_fence":18,"graveyard:bone_dagger":1,"minecraft:diamond_helmet":1,"minecraft:diamond_leggings":1,"minecraft:iron_boots":1,"minecraft:stone_pickaxe":1,"minecraft:diamond_boots":1,"minecraft:dark_oak_planks":76,"minecraft:magenta_dye":1,"minecraft:cooked_beef":10,"minecraft:glass_bottle":3,"minecraft:cooked_porkchop":8,"minecraft:diamond_axe":1,"minecraft:crafting_table":5,"minecraft:jungle_boat":1,"minecraft:spruce_planks":24,"travelersbackpack:backpack_tank":2,"minecraft:wooden_pickaxe":2,"minecraft:iron_helmet":1,"minecraft:cooked_salmon":7,"minecraft:mangrove_planks":12,"minecraft:bucket":1,"minecraft:stone_axe":1,"minecraft:air":0,"minecraft:jungle_planks":264,"minecraft:diamond_pickaxe":1,"minecraft:iron_chestplate":1,"minecraft:shield":1,"minecraft:stone_slab":6,"minecraft:stick":44,"minecraft:iron_ingot":52,"minecraft:iron_pickaxe":1,"minecraft:wooden_axe":2,"minecraft:iron_leggings":1,"minecraft:armor_stand":2,"minecraft:stonecutter":1,"minecraft:white_bed":2,"minecraft:shears":1,"minecraft:diamond_chestplate":1},"minecraft:killed":{"minecraft:spider":4,"minecraft:skeleton":8,"minecraft:chicken":1,"minecraft:pig":7,"graveyard:ghoul":4,"minecraft:salmon":7,"minecraft:sheep":1,"minecraft:zombie":15,"minecraft:villager":8,"minecraft:enderman":2,"minecraft:cow":6},"minecraft:dropped":{"minecraft:iron_ingot":1,"minecraft:moss_block":2,"minecraft:wheat_seeds":15,"minecraft:glow_ink_sac":1,"minecraft:tnt":1,"minecraft:mossy_cobblestone":3,"minecraft:spore_blossom":2,"minecraft:dark_oak_sapling":4,"minecraft:mangrove_propagule":2,"minecraft:feather":6,"minecraft:cobblestone":7,"minecraft:jungle_planks":1,"minecraft:mangrove_planks":1,"graveyard:bone_dagger":1,"minecraft:flint":1,"minecraft:stick":28,"minecraft:dirt":19,"minecraft:mossy_cobblestone_slab":2,"minecraft:diorite":2,"minecraft:torch":3,"minecraft:mutton":2,"minecraft:wooden_axe":1,"minecraft:bone_block":1,"minecraft:bone_meal":111,"minecraft:iron_pickaxe":1,"minecraft:string":1,"minecraft:dandelion":6,"minecraft:bone":22,"minecraft:stone_axe":1,"minecraft:moss_carpet":2,"minecraft:mangrove_roots":1,"minecraft:cobbled_deepslate":12,"minecraft:cocoa_beans":8,"minecraft:rotten_flesh":6,"minecraft:iron_boots":2,"minecraft:carrot":117,"minecraft:flint_and_steel":1,"minecraft:gunpowder":5,"minecraft:oak_sapling":26,"minecraft:spider_eye":1,"minecraft:wooden_pickaxe":1,"minecraft:stone_pickaxe":1,"minecraft:magenta_dye":2,"minecraft:arrow":5,"minecraft:bow":1,"graveyard:oak_coffin":1}},"DataVersion":3465}