{"stats":{"minecraft:used":{"minecraft:mud":1},"minecraft:mined":{"minecraft:vine":1,"minecraft:mud":1,"minecraft:mangrove_roots":1,"treechop:chopped_log":1,"minecraft:mangrove_leaves":1},"minecraft:dropped":{"minecraft:magenta_dye":2},"minecraft:picked_up":{"minecraft:mud":1,"minecraft:magenta_dye":1,"minecraft:mangrove_propagule":1,"minecraft:mangrove_log":3},"minecraft:custom":{"minecraft:open_barrel":2,"minecraft:time_since_rest":5722,"minecraft:open_chest":4,"minecraft:crouch_one_cm":552,"minecraft:play_time":5722,"minecraft:sprint_one_cm":5441,"minecraft:damage_taken":120,"minecraft:walk_one_cm":8970,"minecraft:sneak_time":95,"minecraft:walk_under_water_one_cm":1027,"minecraft:drop":2,"minecraft:jump":51,"minecraft:damage_dealt":10,"minecraft:time_since_death":5722,"minecraft:walk_on_water_one_cm":1434,"minecraft:total_world_time":5722,"minecraft:climb_one_cm":1452,"minecraft:swim_one_cm":849,"minecraft:fall_one_cm":2455,"minecraft:tune_noteblock":5,"minecraft:fly_one_cm":3310},"minecraft:crafted":{"minecraft:mangrove_planks":12,"minecraft:magenta_dye":1}},"DataVersion":3465}