{"stats":{"minecraft:killed":{"minecraft:spider":5,"minecraft:skeleton":13,"minecraft:chicken":1,"minecraft:piglin_brute":3,"minecraft:magma_cube":11,"minecraft:piglin":8,"minecraft:pig":7,"minecraft:salmon":7,"minecraft:sheep":2,"minecraft:zombie":15,"minecraft:ghast":1,"minecraft:cow":33,"minecraft:blaze":4,"graveyard:nightmare":1,"graveyard:revenant":3,"minecraft:horse":1,"graveyard:ghoul":4,"minecraft:wither_skeleton":2,"minecraft:villager":8,"minecraft:enderman":2},"minecraft:custom":{"minecraft:animals_bred":9,"minecraft:interact_with_crafting_table":99,"minecraft:open_barrel":11,"minecraft:bell_ring":8,"minecraft:leave_game":6,"minecraft:time_since_death":488034,"minecraft:damage_resisted":4,"minecraft:sprint_one_cm":1242870,"minecraft:damage_blocked_by_shield":670,"minecraft:drop":183,"minecraft:play_noteblock":1,"minecraft:talked_to_villager":31,"minecraft:play_time":511365,"minecraft:deaths":2,"minecraft:jump":8887,"minecraft:walk_on_water_one_cm":61599,"minecraft:enchant_item":1,"minecraft:interact_with_furnace":107,"minecraft:traded_with_villager":1,"minecraft:sleep_in_bed":13,"minecraft:damage_dealt":20430,"minecraft:crouch_one_cm":101724,"minecraft:interact_with_smoker":27,"minecraft:interact_with_smithing_table":13,"minecraft:mob_kills":132,"minecraft:climb_one_cm":6476,"minecraft:walk_one_cm":1183793,"minecraft:sneak_time":30580,"minecraft:walk_under_water_one_cm":104903,"minecraft:boat_one_cm":504378,"minecraft:total_world_time":511365,"minecraft:tune_noteblock":6,"minecraft:interact_with_stonecutter":5,"minecraft:time_since_rest":28830,"minecraft:damage_taken":9201,"minecraft:swim_one_cm":112103,"minecraft:fly_one_cm":1647527,"minecraft:open_chest":176,"minecraft:fall_one_cm":251103},"minecraft:mined":{"minecraft:dark_oak_planks":1,"minecraft:white_bed":8,"minecraft:brewing_stand":1,"minecraft:chiseled_polished_blackstone":3,"minecraft:grass_block":123,"minecraft:cracked_polished_blackstone_bricks":12,"minecraft:oak_pressure_plate":1,"minecraft:deepslate_bricks":1,"minecraft:spawner":1,"graveyard:wither_skull_with_rib_cage":1,"minecraft:polished_blackstone_bricks":33,"minecraft:tall_seagrass":1,"minecraft:mossy_cobblestone_slab":1,"minecraft:iron_ore":28,"minecraft:cobbled_deepslate":2,"minecraft:fire":25,"graveyard:leaning_wither_skeleton":2,"minecraft:moss_carpet":1,"minecraft:azure_bluet":1,"minecraft:enchanting_table":1,"minecraft:polished_deepslate_slab":2,"minecraft:dirt_path":73,"minecraft:oak_stairs":1,"minecraft:black_candle":6,"minecraft:spruce_slab":1,"minecraft:blackstone":11,"minecraft:soul_lantern":3,"minecraft:torch":1,"minecraft:note_block":1,"minecraft:calcite":8,"minecraft:nether_quartz_ore":26,"minecraft:wither_skeleton_wall_skull":2,"minecraft:cobblestone":1,"minecraft:sugar_cane":57,"minecraft:wall_torch":1,"minecraft:skeleton_skull":1,"graveyard:oak_coffin":2,"graveyard:wither_skeleton_hand":1,"minecraft:mud":1,"minecraft:birch_log":1,"minecraft:wheat":63,"minecraft:black_bed":5,"graveyard:skull_pile":2,"minecraft:grass":41,"minecraft:sand":100,"minecraft:dirt":268,"minecraft:smooth_basalt":8,"minecraft:wither_skeleton_skull":2,"minecraft:netherrack":522,"minecraft:oak_leaves":12,"minecraft:deepslate":132,"minecraft:nether_gold_ore":7,"minecraft:tuff":1,"minecraft:mossy_cobblestone":5,"minecraft:deepslate_diamond_ore":28,"minecraft:oak_door":3,"minecraft:mangrove_roots":2,"minecraft:nether_bricks":1,"minecraft:cobbled_deepslate_slab":1,"minecraft:jungle_planks":2,"minecraft:polished_andesite_slab":1,"minecraft:spruce_leaves":6,"minecraft:kelp":1,"minecraft:moss_block":6,"minecraft:large_fern":1,"minecraft:furnace":5,"minecraft:carrots":69,"minecraft:andesite":1,"treechop:chopped_log":23,"minecraft:gold_block":3,"minecraft:bookshelf":6,"minecraft:deepslate_iron_ore":27,"minecraft:cobblestone_slab":1,"minecraft:vine":4,"minecraft:stone":75,"minecraft:basalt":56,"minecraft:dandelion":3,"travelersbackpack:standard":1,"minecraft:oak_fence":1,"minecraft:crafting_table":12,"minecraft:cornflower":1,"minecraft:andesite_slab":1,"minecraft:lectern":2,"graveyard:tg_grass_block":1,"minecraft:tall_grass":4,"minecraft:warped_wart_block":1,"graveyard:small_white_urn":1,"graveyard:vase_block":1,"graveyard:skull_with_rib_cage":1,"minecraft:ice":18,"minecraft:white_carpet":1,"minecraft:birch_leaves":1,"minecraft:mangrove_leaves":32,"minecraft:yellow_bed":4,"minecraft:coal_ore":22,"minecraft:gravel":5,"graveyard:leaning_skeleton":2,"minecraft:polished_blackstone":3,"minecraft:stone_bricks":3,"minecraft:fern":3},"minecraft:dropped":{"minecraft:moss_block":2,"minecraft:glow_ink_sac":1,"minecraft:spore_blossom":2,"minecraft:dark_oak_sapling":5,"minecraft:jungle_planks":1,"minecraft:mangrove_planks":1,"minecraft:flint":2,"minecraft:dirt":39,"minecraft:mutton":2,"minecraft:dark_oak_trapdoor":1,"minecraft:bone_block":1,"minecraft:bone_meal":111,"minecraft:sand":20,"minecraft:iron_pickaxe":1,"minecraft:gold_ingot":48,"minecraft:bone":24,"minecraft:gravel":45,"minecraft:chiseled_polished_blackstone":3,"minecraft:stone_axe":1,"minecraft:mangrove_roots":1,"minecraft:cobbled_deepslate":12,"minecraft:rotten_flesh":7,"minecraft:carrot":205,"bosses_of_mass_destruction:soul_star":2,"minecraft:gunpowder":5,"minecraft:arrow":13,"graveyard:oak_coffin":1,"minecraft:netherrack":27,"minecraft:golden_boots":1,"minecraft:iron_ingot":1,"minecraft:bread":60,"minecraft:wheat_seeds":67,"minecraft:tnt":1,"minecraft:mossy_cobblestone":3,"minecraft:mangrove_propagule":2,"minecraft:cobblestone":7,"minecraft:feather":6,"graveyard:bone_dagger":2,"minecraft:stick":30,"minecraft:mossy_cobblestone_slab":2,"minecraft:diorite":2,"minecraft:ink_sac":3,"minecraft:torch":3,"minecraft:wooden_axe":1,"minecraft:potion":1,"minecraft:paper":6,"minecraft:string":10,"minecraft:dandelion":6,"minecraft:moss_carpet":2,"minecraft:kelp":1,"minecraft:cocoa_beans":8,"minecraft:iron_boots":2,"minecraft:flint_and_steel":2,"minecraft:oak_sapling":26,"minecraft:spider_eye":1,"minecraft:stone_pickaxe":1,"minecraft:bow":1,"minecraft:magenta_dye":2,"minecraft:wooden_pickaxe":1},"minecraft:used":{"minecraft:moss_block":3,"minecraft:bone_block":1,"minecraft:chest":2,"minecraft:shield":18,"minecraft:iron_chestplate":1,"minecraft:jungle_planks":186,"minecraft:nether_bricks":1,"minecraft:carrot":70,"minecraft:tuff":9,"minecraft:obsidian":10,"minecraft:jungle_sapling":2,"minecraft:birch_sapling":4,"minecraft:iron_helmet":1,"minecraft:item_frame":1,"minecraft:sweet_berries":4,"minecraft:mangrove_roots":1,"minecraft:oak_sapling":5,"minecraft:furnace":6,"minecraft:egg":2,"minecraft:dark_oak_sapling":4,"minecraft:golden_boots":2,"minecraft:leather_leggings":1,"minecraft:diamond_boots":3,"minecraft:wither_skeleton_skull":4,"minecraft:stone_pickaxe":103,"minecraft:mangrove_planks":11,"minecraft:wooden_pickaxe":9,"minecraft:leather_chestplate":1,"minecraft:sugar_cane":73,"minecraft:diamond_axe":298,"minecraft:jungle_boat":1,"minecraft:dark_oak_trapdoor":2,"minecraft:sand":19,"minecraft:note_block":1,"minecraft:black_bed":5,"minecraft:bread":21,"minecraft:melon_slice":6,"minecraft:lectern":3,"minecraft:gravel":5,"minecraft:soul_lantern":3,"minecraft:diamond_sword":90,"minecraft:smithing_table":1,"minecraft:dark_oak_fence":18,"minecraft:smooth_stone_slab":1,"minecraft:oak_boat":4,"minecraft:bone_meal":108,"minecraft:oak_fence":56,"minecraft:enchanting_table":1,"minecraft:flint_and_steel":45,"minecraft:armor_stand":2,"minecraft:cooked_salmon":7,"graveyard:oak_coffin":2,"minecraft:cooked_chicken":6,"minecraft:netherrack":331,"minecraft:oak_door":3,"minecraft:torch":8,"minecraft:dirt":197,"minecraft:warped_wart_block":25,"minecraft:white_carpet":4,"minecraft:oak_fence_gate":1,"minecraft:dark_oak_planks":17,"minecraft:wooden_axe":2,"minecraft:bookshelf":11,"minecraft:iron_axe":6,"minecraft:iron_boots":1,"minecraft:totem_of_undying":1,"minecraft:diamond_chestplate":2,"minecraft:basalt":2,"minecraft:golden_carrot":7,"minecraft:cooked_beef":31,"minecraft:cobbled_deepslate":139,"minecraft:enchanted_golden_apple":1,"minecraft:iron_leggings":2,"minecraft:calcite":8,"minecraft:wheat_seeds":62,"minecraft:water_bucket":29,"minecraft:birch_planks":8,"minecraft:lead":1,"minecraft:baked_potato":11,"minecraft:birch_boat":1,"minecraft:stonecutter":1,"minecraft:cobblestone_slab":129,"minecraft:leather_boots":1,"minecraft:salmon":1,"graveyard:bone_dagger":30,"minecraft:crafting_table":19,"minecraft:white_bed":29,"minecraft:oak_log":4,"minecraft:mud":1,"minecraft:diamond_pickaxe":759,"minecraft:apple":2,"minecraft:diamond_shovel":538,"minecraft:iron_pickaxe":206,"minecraft:stone_axe":80,"travelersbackpack:standard":9,"minecraft:cooked_porkchop":33,"minecraft:bucket":38,"minecraft:black_candle":20,"minecraft:yellow_bed":6,"minecraft:diamond_leggings":2},"minecraft:killed_by":{"graveyard:acolyte":1},"minecraft:crafted":{"minecraft:oak_planks":44,"minecraft:smooth_stone":3,"travelersbackpack:crafting_upgrade":1,"minecraft:birch_boat":1,"minecraft:cooked_chicken":1,"travelersbackpack:hose_nozzle":1,"minecraft:stone":9,"minecraft:diamond_shovel":1,"minecraft:bookshelf":12,"minecraft:glass":38,"graveyard:bone_dagger":1,"minecraft:diamond_helmet":1,"minecraft:diamond_leggings":1,"minecraft:iron_boots":1,"minecraft:chest":4,"minecraft:magenta_dye":1,"minecraft:glass_bottle":3,"minecraft:item_frame":1,"travelersbackpack:iron_tier_upgrade":1,"minecraft:emerald":1,"minecraft:cooked_porkchop":8,"minecraft:diamond_axe":1,"minecraft:crafting_table":8,"minecraft:spruce_planks":24,"minecraft:jungle_boat":1,"minecraft:baked_potato":5,"minecraft:wooden_pickaxe":2,"minecraft:iron_helmet":1,"travelersbackpack:standard":4,"minecraft:smithing_table":1,"minecraft:birch_planks":144,"minecraft:iron_chestplate":1,"minecraft:book":18,"minecraft:paper":84,"minecraft:diamond_pickaxe":1,"minecraft:shield":1,"minecraft:stick":52,"minecraft:stone_slab":6,"minecraft:iron_ingot":52,"minecraft:iron_pickaxe":1,"minecraft:gold_ingot":47,"minecraft:shears":1,"minecraft:oak_door":3,"minecraft:smooth_stone_slab":6,"minecraft:furnace":2,"minecraft:dark_oak_trapdoor":2,"minecraft:bone_meal":145,"minecraft:white_carpet":3,"travelersbackpack:blank_upgrade":4,"travelersbackpack:gold_tier_upgrade":1,"minecraft:flint_and_steel":1,"minecraft:dark_oak_fence":18,"travelersbackpack:white_sleeping_bag":1,"minecraft:iron_axe":1,"minecraft:stone_pickaxe":1,"minecraft:diamond_boots":1,"minecraft:dark_oak_planks":136,"minecraft:wheat":180,"minecraft:cooked_beef":56,"minecraft:diamond_sword":1,"travelersbackpack:backpack_tank":4,"minecraft:cooked_salmon":7,"minecraft:mangrove_planks":12,"minecraft:bucket":2,"minecraft:stone_axe":1,"minecraft:bread":60,"minecraft:air":0,"minecraft:jungle_planks":264,"minecraft:oak_boat":1,"minecraft:wooden_axe":2,"minecraft:iron_leggings":1,"minecraft:armor_stand":2,"minecraft:stonecutter":1,"minecraft:white_bed":17,"minecraft:diamond_chestplate":1},"minecraft:picked_up":{"minecraft:wheat":52,"minecraft:lead":11,"minecraft:oak_stairs":1,"minecraft:wither_rose":2,"minecraft:potion":1,"minecraft:brewing_stand":1,"minecraft:string":17,"minecraft:dark_oak_trapdoor":1,"minecraft:shroomlight":1,"minecraft:gold_nugget":27,"minecraft:cobbled_deepslate":159,"bosses_of_mass_destruction:soul_star":2,"minecraft:cobblestone_slab":1,"minecraft:calcite":8,"minecraft:melon_slice":6,"minecraft:furnace":5,"minecraft:mangrove_log":3,"minecraft:iron_boots":1,"minecraft:stick":54,"minecraft:oak_fence":76,"minecraft:torch":11,"minecraft:porkchop":8,"minecraft:diorite":2,"minecraft:rotten_flesh":7,"minecraft:mangrove_roots":2,"minecraft:blaze_rod":2,"minecraft:obsidian":4,"minecraft:cobblestone":78,"minecraft:birch_log":36,"minecraft:enchanting_table":1,"minecraft:mossy_cobblestone_slab":2,"minecraft:feather":6,"minecraft:cooked_beef":5,"minecraft:magma_cream":3,"minecraft:jungle_log":65,"minecraft:black_bed":5,"minecraft:magenta_dye":1,"minecraft:flint":2,"minecraft:tuff":9,"minecraft:wither_skeleton_skull":4,"minecraft:dirt":320,"minecraft:bone":93,"minecraft:bow":1,"minecraft:orange_tulip":4,"minecraft:wheat_seeds":155,"minecraft:raw_gold":3,"minecraft:moss_block":5,"minecraft:chiseled_polished_blackstone":3,"minecraft:cooked_porkchop":14,"minecraft:warped_wart_block":52,"graveyard:bone_dagger":2,"minecraft:oak_pressure_plate":1,"minecraft:jungle_planks":7,"minecraft:sand":100,"minecraft:ink_sac":3,"minecraft:spectral_arrow":42,"minecraft:dark_oak_log":27,"minecraft:mossy_cobblestone":3,"graveyard:oak_coffin":3,"minecraft:diamond":28,"minecraft:soul_lantern":3,"minecraft:cracked_polished_blackstone_bricks":12,"minecraft:bone_meal":74,"minecraft:bread":30,"minecraft:oak_sapling":32,"minecraft:netherrack":529,"minecraft:cocoa_beans":8,"minecraft:mud":1,"minecraft:crafting_table":12,"minecraft:splash_potion":2,"minecraft:chicken":1,"minecraft:gold_block":3,"minecraft:cornflower":1,"minecraft:moss_carpet":5,"minecraft:flint_and_steel":1,"minecraft:white_carpet":1,"minecraft:blackstone":23,"graveyard:corruption":4,"minecraft:beef":67,"minecraft:oak_boat":4,"minecraft:spruce_slab":1,"minecraft:jungle_sapling":2,"minecraft:iron_nugget":40,"minecraft:lectern":3,"minecraft:sugar_cane":159,"minecraft:birch_sapling":13,"minecraft:egg":2,"minecraft:dark_oak_sapling":9,"minecraft:raw_iron":57,"minecraft:oak_door":3,"minecraft:note_block":1,"minecraft:fire_charge":2,"minecraft:polished_blackstone_bricks":32,"minecraft:carrot":275,"minecraft:dark_oak_planks":1,"minecraft:tnt":1,"minecraft:arrow":6,"minecraft:nether_bricks":1,"minecraft:hay_block":20,"minecraft:gold_ingot":4,"minecraft:polished_blackstone":3,"minecraft:mutton":4,"minecraft:bone_block":1,"minecraft:skeleton_skull":1,"minecraft:white_wool":67,"minecraft:jungle_boat":1,"minecraft:basalt":55,"minecraft:glow_ink_sac":1,"minecraft:salmon":7,"minecraft:leather":86,"minecraft:oak_log":65,"minecraft:golden_boots":1,"minecraft:yellow_bed":6,"minecraft:gunpowder":5,"graveyard:small_white_urn":1,"minecraft:apple":4,"minecraft:stone_bricks":3,"minecraft:kelp":1,"minecraft:warped_stem":9,"minecraft:spore_blossom":2,"minecraft:oak_fence_gate":1,"minecraft:iron_ingot":3,"minecraft:cooked_chicken":5,"minecraft:mangrove_planks":7,"minecraft:soul_sand":5,"minecraft:book":18,"minecraft:smooth_basalt":7,"minecraft:black_candle":20,"minecraft:birch_boat":1,"minecraft:sweet_berries":4,"minecraft:quartz":26,"minecraft:dandelion":9,"minecraft:gravel":50,"minecraft:amethyst_shard":4,"minecraft:white_bed":12,"minecraft:spruce_log":6,"minecraft:crying_obsidian":15,"minecraft:spider_eye":2,"minecraft:stripped_jungle_log":1,"travelersbackpack:standard":1,"minecraft:chainmail_leggings":1,"minecraft:baked_potato":11,"minecraft:mangrove_propagule":3,"minecraft:coal":36,"minecraft:ender_pearl":5}},"DataVersion":3465}