{"stats":{"minecraft:killed":{"graveyard:ghoul":1,"minecraft:salmon":7,"minecraft:skeleton":6,"minecraft:zombie":6,"minecraft:cow":3},"minecraft:used":{"minecraft:leather_leggings":1,"minecraft:diamond_boots":1,"minecraft:stone_pickaxe":51,"minecraft:mangrove_planks":11,"minecraft:wooden_pickaxe":9,"minecraft:leather_chestplate":1,"minecraft:shield":9,"minecraft:cooked_salmon":5,"minecraft:leather_boots":1,"minecraft:iron_chestplate":1,"minecraft:salmon":1,"minecraft:dirt":1,"minecraft:crafting_table":10,"minecraft:jungle_planks":166,"minecraft:note_block":1,"minecraft:jungle_sapling":2,"minecraft:mud":1,"minecraft:wooden_axe":2,"minecraft:melon_slice":6,"minecraft:iron_pickaxe":126,"minecraft:iron_helmet":1,"minecraft:iron_boots":1,"minecraft:stone_axe":77,"minecraft:mangrove_roots":1,"minecraft:furnace":4,"minecraft:cooked_porkchop":1,"minecraft:cobbled_deepslate":1,"minecraft:cooked_beef":10,"minecraft:iron_leggings":1},"minecraft:mined":{"minecraft:tuff":1,"minecraft:deepslate_diamond_ore":26,"minecraft:mangrove_roots":2,"minecraft:crafting_table":7,"minecraft:note_block":1,"minecraft:jungle_planks":2,"graveyard:tg_grass_block":1,"minecraft:spruce_leaves":5,"minecraft:sugar_cane":4,"minecraft:moss_block":2,"minecraft:skeleton_skull":1,"graveyard:wither_skull_with_rib_cage":1,"minecraft:tall_seagrass":1,"graveyard:wither_skeleton_hand":1,"graveyard:vase_block":1,"graveyard:skull_with_rib_cage":1,"minecraft:furnace":4,"minecraft:mud":1,"minecraft:iron_ore":17,"graveyard:leaning_wither_skeleton":1,"minecraft:andesite":1,"treechop:chopped_log":6,"minecraft:mangrove_leaves":32,"graveyard:skull_pile":1,"minecraft:grass":2,"minecraft:coal_ore":17,"minecraft:deepslate_iron_ore":17,"minecraft:vine":4,"graveyard:leaning_skeleton":1,"minecraft:polished_blackstone":3,"minecraft:stone":15,"minecraft:deepslate":57,"minecraft:fern":1},"minecraft:killed_by":{"graveyard:acolyte":1},"minecraft:custom":{"minecraft:interact_with_furnace":42,"minecraft:mob_kills":23,"minecraft:interact_with_crafting_table":24,"minecraft:tune_noteblock":6,"minecraft:open_barrel":6,"minecraft:leave_game":1,"minecraft:time_since_death":56708,"minecraft:climb_one_cm":6476,"minecraft:time_since_rest":56753,"minecraft:sprint_one_cm":202368,"minecraft:damage_taken":3868,"minecraft:walk_one_cm":204437,"minecraft:damage_blocked_by_shield":380,"minecraft:drop":20,"minecraft:damage_dealt":3133,"minecraft:play_noteblock":1,"minecraft:swim_one_cm":22326,"minecraft:fly_one_cm":199141,"minecraft:open_chest":7,"minecraft:crouch_one_cm":20693,"minecraft:play_time":80039,"minecraft:sneak_time":6732,"minecraft:deaths":2,"minecraft:walk_under_water_one_cm":14271,"minecraft:jump":1380,"minecraft:walk_on_water_one_cm":24593,"minecraft:total_world_time":80039,"minecraft:fall_one_cm":46746},"minecraft:picked_up":{"minecraft:mud":1,"minecraft:cocoa_beans":8,"minecraft:crafting_table":7,"minecraft:cooked_beef":5,"minecraft:salmon":7,"minecraft:jungle_log":65,"minecraft:leather":5,"minecraft:magenta_dye":1,"minecraft:tuff":1,"minecraft:gunpowder":4,"minecraft:moss_carpet":3,"minecraft:dirt":1,"minecraft:bone":54,"minecraft:cobbled_deepslate":52,"minecraft:iron_ingot":2,"minecraft:beef":6,"minecraft:cooked_chicken":5,"minecraft:jungle_sapling":2,"minecraft:sugar_cane":10,"minecraft:melon_slice":6,"minecraft:mangrove_planks":7,"minecraft:mangrove_log":3,"minecraft:furnace":4,"minecraft:stick":4,"minecraft:raw_iron":39,"minecraft:cooked_porkchop":5,"minecraft:note_block":1,"minecraft:jungle_planks":7,"minecraft:amethyst_shard":4,"minecraft:spruce_log":6,"minecraft:stripped_jungle_log":1,"minecraft:tnt":1,"minecraft:arrow":5,"minecraft:rotten_flesh":2,"minecraft:diamond":26,"minecraft:bone_meal":2,"minecraft:mangrove_roots":2,"minecraft:polished_blackstone":3,"minecraft:mangrove_propagule":3,"minecraft:skeleton_skull":1,"minecraft:coal":33,"minecraft:cobblestone":18},"minecraft:dropped":{"minecraft:iron_ingot":1,"minecraft:mangrove_roots":1,"minecraft:tnt":1,"minecraft:cocoa_beans":8,"minecraft:mangrove_propagule":2,"minecraft:jungle_planks":1,"minecraft:mangrove_planks":1,"minecraft:wooden_axe":1,"minecraft:magenta_dye":2,"minecraft:wooden_pickaxe":1,"minecraft:bone":20},"minecraft:crafted":{"minecraft:cooked_beef":5,"minecraft:crafting_table":5,"minecraft:spruce_planks":24,"minecraft:wooden_pickaxe":2,"minecraft:iron_helmet":1,"minecraft:furnace":1,"minecraft:cooked_salmon":5,"minecraft:mangrove_planks":12,"minecraft:stone_axe":1,"minecraft:air":0,"minecraft:jungle_planks":264,"minecraft:diamond_helmet":1,"minecraft:diamond_leggings":1,"minecraft:iron_boots":1,"minecraft:iron_chestplate":1,"minecraft:shield":1,"minecraft:stick":12,"minecraft:iron_ingot":27,"minecraft:iron_pickaxe":1,"minecraft:stone_pickaxe":1,"minecraft:wooden_axe":2,"minecraft:diamond_boots":1,"minecraft:iron_leggings":1,"minecraft:magenta_dye":1,"minecraft:diamond_chestplate":1}},"DataVersion":3465}